date,tavg,tmin,tmax,prcp,snow,wdir,wspd,wpgt,pres,tsun
2020-01-01 00:00:00,7.8,-0.3,11,1.8,,,5.3,,1032.2,
2020-01-02 00:00:00,9.7,1.2,11.3,0,,,4.9,,1028.3,
2020-01-03 00:00:00,9.3,7.4,11.3,4.3,,,6.7,,1027.3,
2020-01-04 00:00:00,9.6,8.7,10.1,,,,6.8,,1026.4,
2020-01-05 00:00:00,12.4,9.5,17,0,,,8.2,,1024.7,
2020-01-06 00:00:00,15.3,9,24,,,,5.9,,1019,
2020-01-07 00:00:00,10.6,5.2,24.5,0.3,,,10.3,,1015.6,
2020-01-08 00:00:00,5.9,4.7,18.4,0,,,14.2,,1027.9,
2020-01-09 00:00:00,6.3,4,10,6.6,,,8.4,,1025.8,
2020-01-10 00:00:00,7.5,5.6,9,,,,7.9,,1021.3,
2020-01-11 00:00:00,6.5,5,8.1,3.3,,,11.9,,1021.9,
2020-01-12 00:00:00,6.6,5,9.3,,,,11,,1024.6,
2020-01-13 00:00:00,6.1,2,10,,,,5.5,,1024.3,
2020-01-14 00:00:00,5.9,4,9.2,0,,,10.3,,1027.3,
2020-01-15 00:00:00,6.6,4.5,8.9,27.4,,,6.7,,1026.7,
2020-01-16 00:00:00,6,4.3,7.2,13.7,,,12.5,,1024.7,
2020-01-17 00:00:00,5.3,4.1,6.3,0.3,,,12.5,,1027.5,
2020-01-18 00:00:00,5,3.7,6.1,0,,,9.1,,1026.5,
2020-01-19 00:00:00,5.2,4,10.4,0,,,5.6,,1025.2,
2020-01-20 00:00:00,6.4,2,12.3,,,,6.7,,1026.5,
2020-01-21 00:00:00,8.8,2.8,12.9,0.3,,,4.9,,1025.4,
2020-01-22 00:00:00,8.3,4.8,10.8,13.2,,,6.3,,1021,
2020-01-23 00:00:00,8.5,7.5,10,,,,7.4,,1023.7,
2020-01-24 00:00:00,8.1,6.9,9.3,15,,,11.9,,1028.1,
2020-01-25 00:00:00,7,5.7,8.5,41.1,,,11.5,,1027.3,
2020-01-26 00:00:00,7.1,5.6,9,,,,12.7,,1021.6,
2020-01-27 00:00:00,5.3,4.6,7.7,0.5,,,14.2,,1021.6,
2020-01-28 00:00:00,5.8,3.7,7.3,0,,,10.3,,1023.9,
2020-01-29 00:00:00,7.1,4,11,,,,12.6,,1024.2,
2020-01-30 00:00:00,7.1,5,11,,,,14,,1024,
2020-01-31 00:00:00,5.1,0,11.4,0,,,6.6,,1026.4,
2020-02-01 00:00:00,7.3,0.6,13.7,0,,,6.8,,1027.2,
2020-02-02 00:00:00,9.6,2.8,13.7,0.5,,,4,,1025.7,
2020-02-03 00:00:00,9.3,7,12.3,,,,9.7,,1027.4,
2020-02-04 00:00:00,7.3,5,12.7,0,,,4.9,,1026.1,
2020-02-05 00:00:00,8,3,13,,,,10.9,,1029.1,
2020-02-06 00:00:00,6,4.4,12.8,18.3,,,15,,1029.1,
2020-02-07 00:00:00,6.7,4.4,7.5,2.8,,,6.4,,1029.2,
2020-02-08 00:00:00,7.3,6,9,,,,6.2,,1031.8,
2020-02-09 00:00:00,6.8,5,13,0,,,5,,1030.6,
2020-02-10 00:00:00,11.4,3.9,16.2,8.6,,,5.8,,1025.3,
2020-02-11 00:00:00,10.6,4.7,16.2,6.9,,,3.9,,1021.6,
2020-02-12 00:00:00,12.8,8.3,15.2,0,,,3.6,,1018.6,
2020-02-13 00:00:00,14,12,18,,,,3.6,,1016.5,
2020-02-14 00:00:00,14.8,12,18.2,8.1,,,5.7,,1015.6,
2020-02-15 00:00:00,5.7,0.9,18.2,21.3,2,,15.5,,1020.9,
2020-02-16 00:00:00,3.8,1,14.2,0,,,18.8,,1029.2,
2020-02-17 00:00:00,6.2,0,11.2,0,,,15.2,,1031.8,
2020-02-18 00:00:00,6,0,12.1,0,,,6.3,,1031.9,
2020-02-19 00:00:00,6.9,2,12,,,,3.6,,1027.5,
2020-02-20 00:00:00,10.4,4,17,,,,6.5,,1029.9,
2020-02-21 00:00:00,11.1,4,18.5,,,,6.6,,1029,
2020-02-22 00:00:00,11.7,7,18.8,0,,,6.9,,1032,
2020-02-23 00:00:00,11.1,5,18,,,,6.4,,1028.2,
2020-02-24 00:00:00,16.8,9,27,,,,5.7,,1018.8,
2020-02-25 00:00:00,19,15,28.3,0,,,13.1,,1016,
2020-02-26 00:00:00,11.4,10,15,,,,13.2,,1024.8,
2020-02-27 00:00:00,9.9,9,12,,,,12.3,,1027.1,
2020-02-28 00:00:00,11.3,8,15,,,,8,,1018.3,
2020-02-29 00:00:00,10.4,9.7,14.2,7.1,,,6.9,,1017.3,
2020-03-01 00:00:00,10.4,9.6,12.2,2.8,,,11.4,,1020.6,
2020-03-02 00:00:00,9.3,7.5,12.2,0.8,,,11.7,,1026,
2020-03-03 00:00:00,9.1,7.5,11.4,3,,,5.4,,1024.3,
2020-03-04 00:00:00,9.6,8.2,12,,,,5.1,,1027.1,
2020-03-05 00:00:00,7.7,4,12.6,0,,,9.5,,1027.5,
2020-03-06 00:00:00,9.4,3,15,,,,5.5,,1018.7,
2020-03-07 00:00:00,13.1,6.7,18.5,0,,,6,,1015.8,
2020-03-08 00:00:00,13.7,10.2,18.5,27.2,,,11,,1014.3,
2020-03-09 00:00:00,13.2,12,16.2,2.8,,,12.1,,1008.4,
2020-03-10 00:00:00,9.8,8,16.2,0.3,,,13.3,,1018.7,
2020-03-11 00:00:00,11.6,5,18,,,,6.4,,1021.9,
2020-03-12 00:00:00,13.1,7.9,17.8,0.5,,,7.5,,1018.4,
2020-03-13 00:00:00,11.4,10,15.7,0.3,,,8.5,,1020.8,
2020-03-14 00:00:00,9.7,8,16,0,,,9.3,,1023,
2020-03-15 00:00:00,14.7,6.4,21.7,0,,,8.2,,1020.7,
2020-03-16 00:00:00,14.4,9.2,21.7,0,,,11.9,,1023.2,
2020-03-17 00:00:00,17.4,12,23.5,,,,6.9,,1018.8,
2020-03-18 00:00:00,18.8,13.6,25,,,,8.4,,1014.4,
2020-03-19 00:00:00,16.3,13,25.5,0,,,13.7,,1014.9,
2020-03-20 00:00:00,17.3,9,27,,,,5.4,,1015.6,
2020-03-21 00:00:00,20.4,14,29,,,,6.8,,1011.3,
2020-03-22 00:00:00,16.4,15,28.3,3.3,,,9.2,,1014.2,
2020-03-23 00:00:00,14,11,21.9,0,,,10.6,,1020.5,
2020-03-24 00:00:00,15.5,12.1,18.4,0,,,7.5,,1018.4,
2020-03-25 00:00:00,19.9,13,27,,,,5.3,,1012.8,
2020-03-26 00:00:00,22,17.7,28,,,,5.6,,1010.5,
2020-03-27 00:00:00,13.3,7.5,20,,,,17.7,,1019.7,
2020-03-28 00:00:00,6.9,4.8,12.4,8.4,,,13.6,,1024.9,
2020-03-29 00:00:00,7.2,5.6,9,,,,6.2,,1021.5,
2020-03-30 00:00:00,9.1,7.3,11,,,,6.1,,1019.4,
2020-03-31 00:00:00,10.9,9.4,13,,,,6.1,,1017.2,
2020-04-01 00:00:00,13,9.4,18,,,,8.1,,1021.3,
2020-04-02 00:00:00,13.4,10.2,17.5,0,,,10,,1023,
2020-04-03 00:00:00,12.6,11.7,16.4,0,,,7.5,,1023,
2020-04-04 00:00:00,14,9,20,,,,6.4,,1024,
2020-04-05 00:00:00,12.3,9,19.5,0,,,11,,1026,
2020-04-06 00:00:00,10.7,6.7,16.5,0,,,8.1,,1022.1,
2020-04-07 00:00:00,13.2,6,21,,,,5.5,,1019.5,
2020-04-08 00:00:00,15.3,7,24,,,,8.1,,1018.8,
2020-04-09 00:00:00,17,10,24,,,,8.5,,1019.3,
2020-04-10 00:00:00,18.1,11.5,24.5,2.3,,,10.4,,1020,
2020-04-11 00:00:00,10.9,7.6,24.2,7.4,,,15.6,,1019.2,
2020-04-12 00:00:00,13.6,7.9,20,,,,16.2,,1018.5,
2020-04-13 00:00:00,14.5,11,21.4,0,,,11.8,,1019.8,
2020-04-14 00:00:00,17.1,8.2,21.4,0,,,6.8,,1017.2,
2020-04-15 00:00:00,19.4,14,25.8,0,,,9,,1013.1,
2020-04-16 00:00:00,24,14,29.1,0,,,7.6,,1010.7,
2020-04-17 00:00:00,21.4,17.7,29.1,0,,,10.6,,1012.5,
2020-04-18 00:00:00,16.3,13.3,26.4,6.1,,,11.4,,1016.4,
2020-04-19 00:00:00,14.6,12.9,18.6,5.1,,,10.5,,1011.8,
2020-04-20 00:00:00,16.7,11,23,,,,8.7,,1015.8,
2020-04-21 00:00:00,13,10.3,23.3,4.1,,,11.4,,1019.8,
2020-04-22 00:00:00,16.4,10.2,20.5,0,,,6.6,,1021.4,
2020-04-23 00:00:00,16.4,14,20.5,0,,,8.1,,1022.3,
2020-04-24 00:00:00,18.1,12.6,24,,,,8,,1020,
2020-04-25 00:00:00,19.8,12.8,27,,,,11.6,,1015.9,
2020-04-26 00:00:00,20.3,17,29.2,0,,,8.6,,1016.3,
2020-04-27 00:00:00,15.1,13.2,29.2,0.5,,,11.8,,1021.2,
2020-04-28 00:00:00,16.9,10,25,,,,9.9,,1021.3,
2020-04-29 00:00:00,22.1,12.4,30,0,,,6.8,,1015.5,
2020-04-30 00:00:00,25.2,17,33,,,,8.2,,1012.6,
2020-05-01 00:00:00,22.6,19.8,32.9,1,,,6.3,,1010.9,
2020-05-02 00:00:00,24.7,19.8,30,,,,12.8,,1006,
2020-05-03 00:00:00,28,21,35,,,,11.4,,1004.9,
2020-05-04 00:00:00,25.5,20,36.2,0,,,12.2,,1007.7,
2020-05-05 00:00:00,20.5,20,36.2,13.7,,,12.2,,1006.6,
2020-05-06 00:00:00,20.2,18,23,,,,10.8,,1011.2,
2020-05-07 00:00:00,22.2,19,26,,,,13.1,,1009.3,
2020-05-08 00:00:00,26.8,20.7,33,,,,9.9,,1004.2,
2020-05-09 00:00:00,21.2,21,31,14.7,,,10.5,,1007.5,
2020-05-10 00:00:00,19.7,16.6,23.6,0,,,8.8,,1011.8,
2020-05-11 00:00:00,24,16.6,29.3,0,,,8,,1011.6,
2020-05-12 00:00:00,23.9,20,30.9,0,,,10.2,,1012.3,
2020-05-13 00:00:00,25.7,18.7,31,0,,,11,,1014.5,
2020-05-14 00:00:00,26,22,32,,,,11,,1008.6,
2020-05-15 00:00:00,25.3,20.8,31.6,3.8,,,9.9,,1005.5,
2020-05-16 00:00:00,26,22.2,30.1,0.5,,,6.3,,1006,
2020-05-17 00:00:00,26.6,23.5,31,0,,,8,,1003,
2020-05-18 00:00:00,24.4,21.1,31,0,,,15,,1001.8,
2020-05-19 00:00:00,24.1,16.1,30.9,0,,,8.4,,1007.6,
2020-05-20 00:00:00,24.7,17.6,31.2,,,,10.8,,1008.8,
2020-05-21 00:00:00,20.7,18.2,31.7,8.9,,,7.4,,1009.4,
2020-05-22 00:00:00,21.9,18.2,25.8,0.5,,,8.7,,1008.2,
2020-05-23 00:00:00,24.2,18.8,29.3,0,,,8.4,,1007.8,
2020-05-24 00:00:00,26.4,20,33.2,,,,9.9,,1009.1,
2020-05-25 00:00:00,22.9,16.3,33.6,26.9,,,11.1,,1011.2,
2020-05-26 00:00:00,19.4,16.3,29.2,4.3,,,9.8,,1009.9,
2020-05-27 00:00:00,23.2,18,28,,,,6.1,,1010.8,
2020-05-28 00:00:00,24.5,21.4,28,,,,7.5,,1010.8,
2020-05-29 00:00:00,21.6,17.5,27.4,57.2,,,9.9,,1011.7,
2020-05-30 00:00:00,20.1,17.5,26.6,12.4,,,8.6,,1010.2,
2020-05-31 00:00:00,26.2,18.6,31.3,0,,,6.8,,1011,
2020-06-01 00:00:00,27.2,21.2,32,0,,,8.2,,1009.7,
2020-06-02 00:00:00,27.4,22.1,32,3,,,9.9,,1006,
2020-06-03 00:00:00,24.2,22.6,30.4,25.9,,,7.7,,1003.7,
2020-06-04 00:00:00,24.8,23.1,28,,,,7.5,,1004.6,
2020-06-05 00:00:00,25,22.7,30,,,,8.4,,1004,
2020-06-06 00:00:00,22.6,21,29.9,1.8,,,11.7,,1006.9,
2020-06-07 00:00:00,24.5,20.3,29.5,0,,,11.4,,1009.1,
2020-06-08 00:00:00,25.2,22.3,29.5,0,,,12.9,,1008.8,
2020-06-09 00:00:00,27.2,23.4,32,0.5,,,9.8,,1007.2,
2020-06-10 00:00:00,26.1,24.2,32,40.9,,,5.7,,1004.9,
2020-06-11 00:00:00,27.7,24.6,30.4,9.7,,,5.7,,1004.1,
2020-06-12 00:00:00,30.3,25.3,36,,,,8.4,,1002.2,
2020-06-13 00:00:00,31.9,26.2,36.1,0,,,9,,1003.6,
2020-06-14 00:00:00,30,26,36.1,0,,,9.2,,1007.6,
2020-06-15 00:00:00,28.7,25.9,36,0,,,8.4,,1007.2,
2020-06-16 00:00:00,27.8,25.3,32.6,19.3,,,9.8,,1005.1,
2020-06-17 00:00:00,31,25.4,37,,,,11,,1001.4,
2020-06-18 00:00:00,26.7,20.8,36.2,21.8,,,16.8,,1001.7,
2020-06-19 00:00:00,22.3,20.8,34.6,9.9,,,5.2,,1008.3,
2020-06-20 00:00:00,20.3,19,23.6,58.7,,,8.1,,1008.2,
2020-06-21 00:00:00,21.5,20.1,22.1,,,,6.2,,1004.2,
2020-06-22 00:00:00,23.3,21.9,25,,,,7.2,,1004.5,
2020-06-23 00:00:00,28,22,32,0,,,5.8,,1002.5,
2020-06-24 00:00:00,24.9,24,32,18.5,,,7.4,,1002.8,
2020-06-25 00:00:00,23.6,22.3,26.3,55.1,,,5.4,,1004.4,
2020-06-26 00:00:00,28.2,22.3,33.3,0,,,6.9,,1004.8,
2020-06-27 00:00:00,26.6,24.5,33.3,24.1,,,6.4,,1003.7,
2020-06-28 00:00:00,29.1,25,34.9,0.8,,,7.3,,1003.3,
2020-06-29 00:00:00,26.7,24.7,34.9,22.4,,,10.2,,999.3,
2020-06-30 00:00:00,27,22.1,30.8,0,,,6.6,,1002.2,
2020-07-01 00:00:00,26.4,24.2,30.8,0,,,11.9,,1004.8,
2020-07-02 00:00:00,26.2,23.3,30.2,59.2,,,9.6,,1005.2,
2020-07-03 00:00:00,26.3,23.3,30.2,11.2,,,9.9,,1005.2,
2020-07-04 00:00:00,24.4,23.5,27.4,11.2,,,6,,1007.2,
2020-07-05 00:00:00,26.2,23.5,29,,,,5.2,,1002.3,
2020-07-06 00:00:00,26.5,23.5,28,52.8,,,4.6,,1001,
2020-07-07 00:00:00,26.4,23.5,29,,,,12.3,,1004.6,
2020-07-08 00:00:00,26.3,23.8,28.7,1.5,,,6.6,,1003,
2020-07-09 00:00:00,27,25,32,,,,7.4,,998.4,
2020-07-10 00:00:00,25.6,24.7,30.9,9.4,,,7.8,,1002,
2020-07-11 00:00:00,28.1,24.9,32,0.3,,,6.8,,1004.4,
2020-07-12 00:00:00,31.1,25.9,37,,,,9.8,,1002.9,
2020-07-13 00:00:00,27.9,24.9,36.5,1.8,,,11.1,,1004.8,
2020-07-14 00:00:00,25.9,24.9,34.2,0,,,8.4,,1007.3,
2020-07-15 00:00:00,22.2,21.4,28.1,11.2,,,9.5,,1005.3,
2020-07-16 00:00:00,22.6,21.4,24.7,4.3,,,8.7,,1005.6,
2020-07-17 00:00:00,25,22,28.4,,,,5.6,,1005.1,
2020-07-18 00:00:00,28.7,24,34,,,,7.2,,1002.4,
2020-07-19 00:00:00,30.4,26.8,36,0,,,11.2,,1001.4,
2020-07-20 00:00:00,25.4,23.6,36,7.6,,,9.2,,1008.1,
2020-07-21 00:00:00,29.4,23.6,36.4,11.9,,,6.2,,1009.6,
2020-07-22 00:00:00,30.2,25.5,37,,,,8.2,,1007,
2020-07-23 00:00:00,31.7,26.8,37,,,,14.7,,1004.7,
2020-07-24 00:00:00,24.1,20.7,36.7,15.5,,,6.9,,1008,
2020-07-25 00:00:00,23.6,21.1,26,,,,6.6,,1007,
2020-07-26 00:00:00,25.1,21.6,29,,,,6.4,,1005.2,
2020-07-27 00:00:00,28.9,23.6,33.5,0,,,7.9,,1004.2,
2020-07-28 00:00:00,28.9,25.1,35,,,,6.8,,1006.4,
2020-07-29 00:00:00,29.4,24.8,35,,,,6.6,,1008,
2020-07-30 00:00:00,29.9,26,36,0,,,7,,1009.6,
2020-07-31 00:00:00,30.7,27.5,36,0,,,8.1,,1009.2,
2020-08-01 00:00:00,32.3,28,36.3,,,,10.4,,1007.7,
2020-08-02 00:00:00,32.8,29,37,,,,12.3,,1006.2,
2020-08-03 00:00:00,31.3,26.8,37.1,0,,,11.2,,1005.3,
2020-08-04 00:00:00,28.4,26,37.1,1.8,,,18.8,,1000.6,
2020-08-05 00:00:00,31.6,26.2,35.7,0,,,14,,1005.4,
2020-08-06 00:00:00,31.7,28.1,35.7,0,,,10.2,,1007.4,
2020-08-07 00:00:00,30.9,27.7,35,,,,12.2,,1004.9,
2020-08-08 00:00:00,30.9,26.6,34.9,0,,,10.2,,1002.2,
2020-08-09 00:00:00,31.8,29.1,36,,,,10.4,,999.9,
2020-08-10 00:00:00,30.8,27,36.2,,,,9,,1001.1,
2020-08-11 00:00:00,33.1,27.1,37.5,0,,,7.4,,1005.4,
2020-08-12 00:00:00,33.1,28.4,37.5,0,,,12,,1008.6,
2020-08-13 00:00:00,33.3,28.4,37.2,,,,9.8,,1008,
2020-08-14 00:00:00,33.3,28.3,39,,,,9.2,,1006.7,
2020-08-15 00:00:00,33.8,28.5,39,0,,,9.8,,1006,
2020-08-16 00:00:00,33.4,28.1,39,0,,,10.1,,1007.2,
2020-08-17 00:00:00,32.7,29,38.5,0,,,9.8,,1008.9,
2020-08-18 00:00:00,32.3,28,38.4,0,,,10.2,,1009.3,
2020-08-19 00:00:00,33.1,28,38.5,0,,,8.8,,1008.1,
2020-08-20 00:00:00,32.4,28.2,38.7,0,,,9.3,,1008.7,
2020-08-21 00:00:00,31.5,27.4,38.7,0,,,10.2,,1009.7,
2020-08-22 00:00:00,31.3,27.6,37,0,,,11.7,,1008.5,
2020-08-23 00:00:00,30.9,27,37,0,,,10.8,,1005.3,
2020-08-24 00:00:00,31.4,27,37.8,0,,,9.5,,1002,
2020-08-25 00:00:00,31.7,27,38,,,,10.6,,999.7,
2020-08-26 00:00:00,29,25,37.8,28.2,,,12.5,,997.9,
2020-08-27 00:00:00,28,25,35.5,1.8,,,7.3,,1000.2,
2020-08-28 00:00:00,24.6,21.9,33.8,32.8,,,8.7,,1003,
2020-08-29 00:00:00,26.2,21.9,29.7,1.5,,,8,,1005.9,
2020-08-30 00:00:00,29.8,23,35.4,0,,,6.8,,1007.5,
2020-08-31 00:00:00,29.9,26.7,35.4,0,,,10,,1007.6,
2020-09-01 00:00:00,29.6,25.5,34,,,,14.7,,1004.7,
2020-09-02 00:00:00,28.9,25.5,34,0,,,16.7,,1004,
2020-09-03 00:00:00,27.7,23,33.7,0,,,9,,1009.1,
2020-09-04 00:00:00,27.6,22.5,33,0,,,7,,1010.7,
2020-09-05 00:00:00,26.9,22,33,0,,,9.3,,1009.4,
2020-09-06 00:00:00,27.3,20.8,33,0,,,9.9,,1006.6,
2020-09-07 00:00:00,28.6,22,35.2,0,,,11.4,,1006.2,
2020-09-08 00:00:00,28.9,22.6,35.2,0,,,8.7,,1010,
2020-09-09 00:00:00,28.9,23.7,34.6,0,,,6,,1009.3,
2020-09-10 00:00:00,27.1,23.1,33.8,10.4,,,5.9,,1006.7,
2020-09-11 00:00:00,22.8,20.5,32.8,8.4,,,8.9,,1008.9,
2020-09-12 00:00:00,25.3,20.7,29.1,0,,,9.3,,1013.7,
2020-09-13 00:00:00,25.2,21.5,29.1,0,,,7,,1015.2,
2020-09-14 00:00:00,22.4,21,27.4,9.1,,,4.6,,1013.9,
2020-09-15 00:00:00,23.2,21.4,25,,,,3.6,,1010.6,
2020-09-16 00:00:00,24,22.8,26,,,,4.8,,1009.7,
2020-09-17 00:00:00,20.1,18,25.4,78,,,11,,1010.8,
2020-09-18 00:00:00,17.4,16,21.4,31.2,,,6.2,,1018.1,
2020-09-19 00:00:00,19,17,21,,,,5.1,,1017.6,
2020-09-20 00:00:00,22.1,17.9,26,1.3,,,7.4,,1016.7,
2020-09-21 00:00:00,22.8,19.3,26,1,,,6.8,,1015.6,
2020-09-22 00:00:00,21.4,19.4,24,,,,7.8,,1014.3,
2020-09-23 00:00:00,19.3,17.5,22.1,6.9,,,7.2,,1014.3,
2020-09-24 00:00:00,21.9,18,27,,,,8.8,,1013.7,
2020-09-25 00:00:00,23.6,17.8,26.6,0,,,7.5,,1013.5,
2020-09-26 00:00:00,23.2,19.2,26.6,0,,,7.2,,1014.5,
2020-09-27 00:00:00,23.2,19.2,27.4,,,,9.9,,1015.2,
2020-09-28 00:00:00,23.3,20.8,27.6,0,,,7.7,,1013.9,
2020-09-29 00:00:00,23.3,18.5,27,,,,6.6,,1010.9,
2020-09-30 00:00:00,22.8,17.7,27.2,0,,,9.3,,1011.9,
2020-10-01 00:00:00,23.7,17.8,28.4,0,,,7.5,,1012.7,
2020-10-02 00:00:00,24.7,19.7,30,,,,8,,1012.2,
2020-10-03 00:00:00,25.2,22,30.4,1,,,9.3,,1011.6,
2020-10-04 00:00:00,19.6,16.4,28.4,3.8,,,14.1,,1013.6,
2020-10-05 00:00:00,19.1,16.4,23,,,,14.4,,1020.3,
2020-10-06 00:00:00,20.3,18,24,,,,10.4,,1021.6,
2020-10-07 00:00:00,20.6,18.6,23,,,,13.5,,1021.9,
2020-10-08 00:00:00,20.7,17,25,,,,13.2,,1022.1,
2020-10-09 00:00:00,20.3,15,25,,,,9.1,,1020.5,
2020-10-10 00:00:00,20.6,15.7,25,,,,7,,1018.1,
2020-10-11 00:00:00,21.4,15.7,26.2,0,,,6.4,,1014.9,
2020-10-12 00:00:00,21,17.8,26.2,0,,,9.2,,1016.8,
2020-10-13 00:00:00,20.7,16.9,25.5,0,,,11.8,,1020.1,
2020-10-14 00:00:00,20.9,17.2,24.3,0,,,13.9,,1022.1,
2020-10-15 00:00:00,18.2,15,23.7,10.4,,,14.7,,1022.8,
2020-10-16 00:00:00,15.5,14.2,21.8,24.1,,,10.8,,1022.5,
2020-10-17 00:00:00,17.2,14.2,21,,,,8.7,,1023.8,
2020-10-18 00:00:00,17.8,14.7,21,,,,7,,1023.4,
2020-10-19 00:00:00,18,14.9,23,,,,8.9,,1023.7,
2020-10-20 00:00:00,17.8,13,23,,,,8.7,,1023,
2020-10-21 00:00:00,17.6,15.2,22.8,0,,,8.2,,1018.5,
2020-10-22 00:00:00,17.4,15.2,21.7,0,,,10,,1017.5,
2020-10-23 00:00:00,16.6,10,21.7,,,,9.3,,1021,
2020-10-24 00:00:00,14.9,10.7,21.9,0,,,7,,1023.2,
2020-10-25 00:00:00,16.5,10.9,23,,,,6.6,,1020.3,
2020-10-26 00:00:00,19,15,24,,,,6.8,,1017.9,
2020-10-27 00:00:00,19.8,16.9,24,,,,10.4,,1018.8,
2020-10-28 00:00:00,19.8,18,23.5,0,,,12.3,,1022.6,
2020-10-29 00:00:00,18.8,16.7,22,,,,9.6,,1024,
2020-10-30 00:00:00,17.9,15,22,,,,9.5,,1025.5,
2020-10-31 00:00:00,17.6,13,23,,,,6.3,,1022.4,
2020-11-01 00:00:00,18.7,14.9,22.8,2.8,,,7.7,,1019.6,
2020-11-02 00:00:00,17.6,12.8,21.8,0,,,8.2,,1021.7,
2020-11-03 00:00:00,15,13,21.3,0,,,14.4,,1025,
2020-11-04 00:00:00,15.4,10.4,19,0,,,10.1,,1025.1,
2020-11-05 00:00:00,17.3,12.6,23,,,,8.7,,1022.1,
2020-11-06 00:00:00,19.4,13.3,25.4,0,,,6.9,,1020.3,
2020-11-07 00:00:00,20.4,14,25.4,0,,,7,,1021.5,
2020-11-08 00:00:00,16.7,14,24.9,0,,,10.4,,1025.5,
2020-11-09 00:00:00,14.7,11,21.6,0,,,7.7,,1026.7,
2020-11-10 00:00:00,14.5,9,20,,,,7.5,,1027.8,
2020-11-11 00:00:00,14.8,8,20.3,0,,,8.2,,1029.4,
2020-11-12 00:00:00,15.4,9,21,,,,6.6,,1027.2,
2020-11-13 00:00:00,16.3,10,22,,,,8.7,,1026.6,
2020-11-14 00:00:00,16.4,11.6,21.4,0,,,9.5,,1026.2,
2020-11-15 00:00:00,17.2,12,23,,,,6.9,,1023.9,
2020-11-16 00:00:00,18.7,16,23,,,,7.2,,1021.7,
2020-11-17 00:00:00,19.4,15,25,,,,6.4,,1017.1,
2020-11-18 00:00:00,23.9,20,30,,,,9.3,,1010.3,
2020-11-19 00:00:00,18.5,13.6,29.4,6.6,,,11.4,,1011.9,
2020-11-20 00:00:00,14.9,13.6,23.2,0,,,13.4,,1019.9,
2020-11-21 00:00:00,15.9,13.9,18,,,,7.7,,1018.9,
2020-11-22 00:00:00,10.7,8.5,17.5,1.8,,,17.6,,1025.3,
2020-11-23 00:00:00,10,8.5,12.9,6.4,,,10.5,,1029.4,
2020-11-24 00:00:00,9.9,8.9,11,,,,8.8,,1027.6,
2020-11-25 00:00:00,11.3,9.9,13,,,,7.2,,1024.7,
2020-11-26 00:00:00,12.4,11,14,,,,10.5,,1025.8,
2020-11-27 00:00:00,9.9,8.8,14.2,0.5,,,12.3,,1030.3,
2020-11-28 00:00:00,8.7,6.5,10.9,0.5,,,12.5,,1032,
2020-11-29 00:00:00,8.2,6.6,11,,,,8.8,,1031.6,
2020-11-30 00:00:00,10.5,6.3,13.4,0,,,9.8,,1033.8,
2020-12-01 00:00:00,11.5,7.2,13.4,0,,,8.6,,1032,
2020-12-02 00:00:00,10.4,7.6,12.7,0.8,,,10,,1029.3,
2020-12-03 00:00:00,7.7,5,11.7,0,,,15.8,,1032.2,
2020-12-04 00:00:00,6.9,3.8,9.1,0,,,12,,1032.6,
2020-12-05 00:00:00,8.5,3.8,10.1,0,,,7.4,,1030.8,
2020-12-06 00:00:00,10.4,5.5,14.3,0,,,5,,1027.1,
2020-12-07 00:00:00,9.8,7.7,14.3,0,,,11.6,,1028.6,
2020-12-08 00:00:00,9.7,7.4,12.2,0.3,,,8.8,,1028.9,
2020-12-09 00:00:00,10.9,8.3,14,,,,5.2,,1024.1,
2020-12-10 00:00:00,10.6,9,12.8,0,,,9,,1022.6,
2020-12-11 00:00:00,9.2,8.7,12.1,0.8,,,6.4,,1021.4,
2020-12-12 00:00:00,7.9,6,13.2,0,,,7.2,,1020.8,
2020-12-13 00:00:00,8.9,4,14,,,,12.3,,1021.6,
2020-12-14 00:00:00,3.2,2.1,13.9,0.3,,,17.1,,1031.9,
2020-12-15 00:00:00,4.1,0,6.4,0,,,12.5,,1033.5,
2020-12-16 00:00:00,4.8,1.2,7.4,0,,,10.8,,1034.1,
2020-12-17 00:00:00,6.1,3.5,9,,,,9,,1031.2,
2020-12-18 00:00:00,4.8,3.1,8.8,5.6,,,10,,1030.8,
2020-12-19 00:00:00,5.9,3.7,9,,,,12,,1034.4,
2020-12-20 00:00:00,5.2,1,8.4,,,,7.8,,1034.5,
2020-12-21 00:00:00,3.9,0,10.3,0,,,6,,1031.4,
2020-12-22 00:00:00,5.7,-1,13,,,,5.7,,1026.8,
2020-12-23 00:00:00,8.7,3,14,,,,6.1,,1021.6,
2020-12-24 00:00:00,8.1,6,13.7,0,,,9.9,,1022.5,
2020-12-25 00:00:00,8.4,3.3,13.7,0,,,6.1,,1025.6,
2020-12-26 00:00:00,9.7,7,13,,,,4.5,,1021.4,
2020-12-27 00:00:00,9,6,14.5,0,,,5.9,,1019.4,
2020-12-28 00:00:00,9.6,4,16,,,,6.2,,1020.3,
2020-12-29 00:00:00,4.9,-2.3,15,6.9,1,,14.2,,1021.6,
2020-12-30 00:00:00,-2.5,-5.5,12.5,0,1,,22.2,,1036.6,
2020-12-31 00:00:00,-2.2,-5.8,2.9,0,1,,12.8,,1036.1,
2021-01-01 00:00:00,0.9,-5.2,7.5,0,,,6.8,,1030.9,
2021-01-02 00:00:00,3,-3.2,9.1,0,,,6.8,,1029.8,
2021-01-03 00:00:00,5.1,-1,10,,,,7.4,,1029.8,
2021-01-04 00:00:00,9.2,5,13,,,,6.2,,1027.1,
2021-01-05 00:00:00,6.2,5.7,12.5,0.8,,,11.8,,1028.7,
2021-01-06 00:00:00,4.1,3.5,8,0,,,10.8,,1028.8,
2021-01-07 00:00:00,-3.3,-6.4,5.9,0,,,20,,1034,
2021-01-08 00:00:00,-2.1,-6.4,1.6,0,,,14.6,,1034,
2021-01-09 00:00:00,0.1,-6.1,5.1,0,,,7.5,,1031.3,
2021-01-10 00:00:00,2.9,-3.2,6.4,0,,,7.5,,1031,
2021-01-11 00:00:00,3.5,-0.2,8.1,0,,,9.6,,1030.1,
2021-01-12 00:00:00,4.6,-3,11,,,,13.2,,1023.8,
2021-01-13 00:00:00,7.4,0,17.2,0,,,9.2,,1018.5,
2021-01-14 00:00:00,9.4,1,20,,,,6.6,,1017.8,
2021-01-15 00:00:00,12.5,4,21,,,,9.9,,1017.4,
2021-01-16 00:00:00,4.9,4,20.8,0,,,17,,1029.1,
2021-01-17 00:00:00,2.9,1,7.8,0,,,8.6,,1033.3,
2021-01-18 00:00:00,5.2,-1.4,13.7,0,,,7.7,,1026.5,
2021-01-19 00:00:00,6.4,-1,14,,,,8.2,,1026.3,
2021-01-20 00:00:00,10.9,2,19,,,,7.7,,1022.7,
2021-01-21 00:00:00,14.5,8,21.2,,,,8.5,,1018.7,
2021-01-22 00:00:00,10.6,9.5,21.5,7.1,,,10,,1017.9,
2021-01-23 00:00:00,7.9,7.9,11.8,1.3,,,11,,1019.3,
2021-01-24 00:00:00,7.9,6,9.4,0,,,8.2,,1023.7,
2021-01-25 00:00:00,10.8,8,14,,,,6.3,,1021.1,
2021-01-26 00:00:00,8.2,6.5,13.2,1.8,,,10.5,,1022.2,
2021-01-27 00:00:00,7.9,6.5,11,1.5,,,7.2,,1023.6,
2021-01-28 00:00:00,9.1,6.6,14,,,,13.8,,1026.1,
2021-01-29 00:00:00,5.1,0,13.5,0,,,9.9,,1029.2,
2021-01-30 00:00:00,8.3,1,15,,,,6.3,,1025.4,
2021-01-31 00:00:00,14.2,3.5,19.8,0,,,6.4,,1022.2,
2021-02-01 00:00:00,9.7,9.6,19.8,2.3,,,6.4,,1020.7,
2021-02-02 00:00:00,7.2,6,13.7,0,,,8.3,,1027.3,
2021-02-03 00:00:00,9.5,3,18,,,,5.9,,1024.5,
2021-02-04 00:00:00,9.9,4.7,17,0,,,10.2,,1027.1,
2021-02-05 00:00:00,9.9,8.2,12.6,1.5,,,6.3,,1020.8,
2021-02-06 00:00:00,12.1,9,19,,,,5.4,,1019.5,
2021-02-07 00:00:00,13.1,6,20,,,,6.1,,1020.6,
2021-02-08 00:00:00,7.1,6.6,19.4,2.8,,,15.8,,1029.4,
2021-02-09 00:00:00,7.8,4,12,,,,9.7,,1028,
2021-02-10 00:00:00,9.5,7,12,,,,5.4,,1023,
2021-02-11 00:00:00,9.7,9,10,,,,8.2,,1021.5,
2021-02-12 00:00:00,10.8,9,14,,,,5.7,,1021.8,
2021-02-13 00:00:00,10.9,10,16.9,0,,,6,,1021.5,
2021-02-14 00:00:00,13.5,10,21,,,,7.2,,1015,
2021-02-15 00:00:00,10.7,8,20.7,0,,,11.1,,1019.1,
2021-02-16 00:00:00,8.9,7,15.9,0,,,6.9,,1020.1,
2021-02-17 00:00:00,5.4,4.3,13.7,0,,,11.1,,1027.4,
2021-02-18 00:00:00,6.7,1.3,13.6,0,,,8.2,,1030.2,
2021-02-19 00:00:00,10.6,2,20,,,,9.9,,1022.6,
2021-02-20 00:00:00,15.6,6,25,,,,12,,1016.8,
2021-02-21 00:00:00,14.7,9.1,25.7,0,,,11.4,,1013.6,
2021-02-22 00:00:00,16.4,12,27.2,0,,,12.2,,1016.2,
2021-02-23 00:00:00,10.6,8,14,,,,14,,1023.8,
2021-02-24 00:00:00,11.2,7,16,,,,11.4,,1019.4,
2021-02-25 00:00:00,12.8,9.8,18,,,,10.8,,1013.5,
2021-02-26 00:00:00,9.7,8.6,16.9,13.7,,,13.5,,1017.7,
2021-02-27 00:00:00,10.4,9.2,12,,,,8.1,,1020.9,
2021-02-28 00:00:00,12.4,10.1,15,,,,5.7,,1018.8,
2021-03-01 00:00:00,10.1,7.3,14.5,10.4,,,11.2,,1018,
2021-03-02 00:00:00,8.3,5.7,13.8,0,,,14.1,,1028.5,
2021-03-03 00:00:00,8.9,5.7,12.2,4.1,,,9.3,,1025.8,
2021-03-04 00:00:00,11.4,7.1,17.3,0,,,7.2,,1020.8,
2021-03-05 00:00:00,11.3,8.2,17.3,8.4,,,6.6,,1019.7,
2021-03-06 00:00:00,9.3,6.5,13,9.9,,,16.5,,1023.4,
2021-03-07 00:00:00,7.1,5.8,10.9,4.1,,,10.5,,1027.7,
2021-03-08 00:00:00,8.8,6.7,12,,,,8.1,,1026,
2021-03-09 00:00:00,10.3,8,13,,,,8.5,,1025.4,
2021-03-10 00:00:00,12.2,9.7,16,,,,9.8,,1026.6,
2021-03-11 00:00:00,12.1,9.3,15.4,6.4,,,5.6,,1021.5,
2021-03-12 00:00:00,12.7,11,16.6,0,,,13.4,,1024.1,
2021-03-13 00:00:00,13,9,18,,,,8.3,,1022.9,
2021-03-14 00:00:00,14.1,10.1,19,,,,8.7,,1019,
2021-03-15 00:00:00,18.7,11,28,,,,8.4,,1012.2,
2021-03-16 00:00:00,12.3,11.3,27.1,15.5,,,12.9,,1016.3,
2021-03-17 00:00:00,10.2,8.2,15.4,12.2,,,11.1,,1018.5,
2021-03-18 00:00:00,12.1,9.6,14,,,,8,,1017.1,
2021-03-19 00:00:00,12.9,10.8,13.9,51.3,,,7.8,,1014.7,
2021-03-20 00:00:00,11.2,8.7,13,2.3,,,14.1,,1016.5,
2021-03-21 00:00:00,11.9,9.1,14.1,0,,,11,,1024.2,
2021-03-22 00:00:00,10.8,8.6,17,0,,,9.5,,1028.1,
2021-03-23 00:00:00,15.3,5.3,20.8,0.3,,,7.5,,1022.1,
2021-03-24 00:00:00,13.7,8.6,20.8,0,,,7.5,,1018.3,
2021-03-25 00:00:00,16.3,9,22.4,0,,,9.8,,1020.9,
2021-03-26 00:00:00,20.9,9.9,27.1,0,,,9.9,,1015.3,
2021-03-27 00:00:00,18.7,13.9,27.1,4.8,,,9,,1008.7,
2021-03-28 00:00:00,19.8,15,27,,,,5.4,,1009,
2021-03-29 00:00:00,21.2,14.7,28.1,0,,,7.5,,1006.8,
2021-03-30 00:00:00,15.3,13,28.1,21.1,,,12.6,,1008.6,
2021-03-31 00:00:00,16.5,12.9,20.4,8.1,,,12,,1007.4,
2021-04-01 00:00:00,17.7,13.5,21.3,5.6,,,9,,1008.3,
2021-04-02 00:00:00,18.1,15.7,22,,,,9.2,,1012,
2021-04-03 00:00:00,15.4,12.2,21,0,,,13.1,,1015.9,
2021-04-04 00:00:00,13.3,12,18,0,,,16.2,,1022.9,
2021-04-05 00:00:00,14.2,8,18.1,,,,7.5,,1023.5,
2021-04-06 00:00:00,16.6,12.6,22.1,0,,,9.8,,1021.8,
2021-04-07 00:00:00,13.3,11.7,22.1,5.1,,,11.2,,1020.9,
2021-04-08 00:00:00,13.3,10.1,16.5,0,,,10.2,,1021.6,
2021-04-09 00:00:00,13.6,10.5,19.3,0,,,12.2,,1023.6,
2021-04-10 00:00:00,16.1,8.5,20.3,0.5,,,12.5,,1025.2,
2021-04-11 00:00:00,16.1,13.6,20.3,21.6,,,5,,1021.7,
2021-04-12 00:00:00,16.4,14.7,17.2,5.6,,,5.9,,1015.8,
2021-04-13 00:00:00,16.3,13.5,22.1,7.6,,,9.7,,1018.3,
2021-04-14 00:00:00,12.8,12,22.1,0.5,,,12,,1020.6,
2021-04-15 00:00:00,14.4,11,19.3,0,,,8.1,,1016.4,
2021-04-16 00:00:00,20.4,12,25.6,0,,,8,,1015.7,
2021-04-17 00:00:00,17.4,15,25.6,0,,,14.6,,1019.6,
2021-04-18 00:00:00,16.1,10.8,25.3,0,,,10.2,,1021,
2021-04-19 00:00:00,17.7,11.2,24.7,,,,9.2,,1016.6,
2021-04-20 00:00:00,19.3,13,26,,,,10.5,,1015.1,
2021-04-21 00:00:00,23.1,17,28,0,,,11.1,,1013.6,
2021-04-22 00:00:00,21.4,18.5,28,5.1,,,7.8,,1010.6,
2021-04-23 00:00:00,20.5,17.8,23.8,0.5,,,9.9,,1011.9,
2021-04-24 00:00:00,18.8,17.6,23.1,1.8,,,11.1,,1014.7,
2021-04-25 00:00:00,19.6,17.7,24,,,,11,,1017.2,
2021-04-26 00:00:00,20.6,17.2,26.8,0.3,,,11.2,,1016.7,
2021-04-27 00:00:00,18.8,15.8,26.8,2.8,,,6.8,,1016.1,
2021-04-28 00:00:00,20.3,15.8,24.1,0,,,7.2,,1016.8,
2021-04-29 00:00:00,22.5,16.7,29,,,,14.8,,1010.2,
2021-04-30 00:00:00,25.7,17,33,,,,15.2,,1005.5,
2021-05-01 00:00:00,22.2,20,31.8,0,,,10.6,,1010.7,
2021-05-02 00:00:00,19.1,16.8,28.3,0,,,16.4,,1017.3,
2021-05-03 00:00:00,23.2,15,31,,,,12.2,,1012,
2021-05-04 00:00:00,20.2,15.3,31.7,8.9,,,12.9,,1008.8,
2021-05-05 00:00:00,21.3,15.3,26.3,0,,,8.2,,1017.5,
2021-05-06 00:00:00,23.6,16.1,28.8,0,,,8.2,,1014.1,
2021-05-07 00:00:00,25,19.1,32.2,0,,,11.4,,1010.4,
2021-05-08 00:00:00,25.6,19.9,32.2,0,,,9.6,,1007,
2021-05-09 00:00:00,27.2,21,35,,,,8.7,,1007,
2021-05-10 00:00:00,28.8,21,36,,,,8.7,,1004.3,
2021-05-11 00:00:00,23.5,21,35.8,2.3,,,9.3,,1005.2,
2021-05-12 00:00:00,22.9,21.9,28,7.1,,,8.2,,1007.2,
2021-05-13 00:00:00,23.1,20.2,28,4.8,,,8.7,,1008.3,
2021-05-14 00:00:00,26.7,22,34,,,,6,,1005.8,
2021-05-15 00:00:00,29.4,23,35.2,0,,,6.4,,1002.9,
2021-05-16 00:00:00,21.7,16,35.2,37.3,,,12.6,,1004.8,
2021-05-17 00:00:00,19.4,15.6,27.7,13.5,,,10.3,,1012.4,
2021-05-18 00:00:00,19.6,16.3,22.3,2,,,7.2,,1011.9,
2021-05-19 00:00:00,20.3,16.4,22.3,19.3,,,7.6,,1008.2,
2021-05-20 00:00:00,20.8,18.9,26,0.3,,,9.2,,1007.1,
2021-05-21 00:00:00,22.7,18.7,27.7,2.8,,,8.7,,1009.5,
2021-05-22 00:00:00,21.2,20,27.7,0.8,,,10.4,,1009,
2021-05-23 00:00:00,20,17.9,24.4,31.8,,,8,,1007.8,
2021-05-24 00:00:00,24,18,28.3,0,,,8.1,,1011.9,
2021-05-25 00:00:00,27.7,21,32.2,0,,,7.8,,1010.5,
2021-05-26 00:00:00,22.1,20.3,32.2,38.6,,,7.5,,1005,
2021-05-27 00:00:00,24.4,20.4,28,,,,6.9,,1006.5,
2021-05-28 00:00:00,25.2,22,28,,,,10,,1006.1,
2021-05-29 00:00:00,25.8,21.2,29.8,0,,,9.8,,1006.4,
2021-05-30 00:00:00,27,22,32,0,,,7.2,,1005.5,
2021-05-31 00:00:00,26.2,21.4,32,0,,,8.8,,1006.1,
2021-06-01 00:00:00,23.9,21.3,31.9,2.8,,,10.2,,1007.4,
2021-06-02 00:00:00,25.1,21.9,28.3,0,,,8.1,,1005.7,
2021-06-03 00:00:00,24.6,19.7,29,,,,10.9,,1003.9,
2021-06-04 00:00:00,21.1,17.9,28.2,0.3,,,9.5,,1007.2,
2021-06-05 00:00:00,24.8,18.9,31,,,,8.2,,1004.2,
2021-06-06 00:00:00,26.9,18.9,34,0,,,7.8,,1005.9,
2021-06-07 00:00:00,26.7,19.7,34,0,,,9.6,,1009.5,
2021-06-08 00:00:00,27.7,21.9,34.2,0,,,8.4,,1009,
2021-06-09 00:00:00,27.8,23.7,35.1,17,,,7.5,,1007.6,
2021-06-10 00:00:00,26.3,23.7,35.1,0.5,,,7.2,,1006.5,
2021-06-11 00:00:00,28.1,24.1,32,,,,8.6,,1008.1,
2021-06-12 00:00:00,27.4,23,33.1,29.5,,,9,,1009.9,
2021-06-13 00:00:00,25.4,23,33.1,24.1,,,4.8,,1007.8,
2021-06-14 00:00:00,27.8,23.8,33,,,,6.4,,1002.1,
2021-06-15 00:00:00,30,25.6,34.2,,,,12.3,,997.9,
2021-06-16 00:00:00,26.2,25,34.7,64.8,,,8.1,,1001.7,
2021-06-17 00:00:00,27.6,25,32.4,,,,7.2,,1002.9,
2021-06-18 00:00:00,25,24.2,32.6,17,,,7.5,,1002.6,
2021-06-19 00:00:00,20.9,20,28.1,17.3,,,10.5,,1003.3,
2021-06-20 00:00:00,22,20.6,24,,,,6.6,,1002.5,
2021-06-21 00:00:00,24.5,21.5,28,,,,7.5,,1003.8,
2021-06-22 00:00:00,25.8,20.7,31.3,0,,,8.7,,1006.9,
2021-06-23 00:00:00,27.4,20.7,32.3,0,,,9.3,,1009.2,
2021-06-24 00:00:00,28.6,22.4,33.8,0,,,9.5,,1008,
2021-06-25 00:00:00,28.3,24.4,33.8,0,,,11.2,,1006,
2021-06-26 00:00:00,27.7,25.2,33,2,,,8.5,,1004.4,
2021-06-27 00:00:00,27.1,24.4,31.2,5.6,,,7.4,,1002.4,
2021-06-28 00:00:00,27.1,24.5,31,,,,9.6,,1001.5,
2021-06-29 00:00:00,28.1,24.6,32.8,0,,,9.2,,1002.9,
2021-06-30 00:00:00,26.9,25.4,32.8,25.9,,,7,,1002.7,
2021-07-01 00:00:00,26,24.2,29,,,,7.5,,1003.2,
2021-07-02 00:00:00,26.1,24.5,28,23.9,,,5.1,,1003.2,
2021-07-03 00:00:00,28.3,24.7,34,,,,8.4,,1001.7,
2021-07-04 00:00:00,28.9,25.2,34,0,,,8.8,,1005.7,
2021-07-05 00:00:00,31.8,26.7,37.3,13,,,8.8,,1005.5,
2021-07-06 00:00:00,32.4,26.7,37.3,0,,,11,,1005.3,
2021-07-07 00:00:00,31.9,28,38,,,,12,,1006.1,
2021-07-08 00:00:00,29.8,23.8,38,,,,13.2,,1007.2,
2021-07-09 00:00:00,28.3,23.5,36.2,1.3,,,10.4,,1007.3,
2021-07-10 00:00:00,28.8,25.2,32,,,,8.4,,1007.7,
2021-07-11 00:00:00,33,26.5,36.4,0,,,6.9,,1007.9,
2021-07-12 00:00:00,34,28,37.7,0,,,9.9,,1005.5,
2021-07-13 00:00:00,33.3,28,37.7,0,,,11.1,,1003.8,
2021-07-14 00:00:00,33.9,29.7,38.1,0,,,10.2,,1005.6,
2021-07-15 00:00:00,33.8,29.8,38.2,0,,,10,,1007.5,
2021-07-16 00:00:00,31.7,28.9,38.2,0,,,10.4,,1007.9,
2021-07-17 00:00:00,30.4,28.9,35.7,0,,,12.9,,1005.9,
2021-07-18 00:00:00,30.2,27,35.4,0,,,11.6,,1005.2,
2021-07-19 00:00:00,30.8,27.7,35.4,0,,,11,,1006.2,
2021-07-20 00:00:00,30.2,28,34.7,0.3,,,16.5,,1007.7,
2021-07-21 00:00:00,29.4,27,34.4,0,,,15.4,,1007.7,
2021-07-22 00:00:00,28.7,26,33.4,4.8,,,19.5,,1004.8,
2021-07-23 00:00:00,27.5,24.7,32.7,26.4,,,21.2,,1003,
2021-07-24 00:00:00,26.2,24.6,31.9,65,,,21.4,,1000,
2021-07-25 00:00:00,25.7,24.6,27.4,118.6,,,30.3,,992,
2021-07-26 00:00:00,25.6,24.8,26,,,,20.8,,987,
2021-07-27 00:00:00,26.5,25.5,28,,,,13.5,,990.1,
2021-07-28 00:00:00,28.8,25.4,34,,,,10.2,,994.2,
2021-07-29 00:00:00,30.9,25.9,36,,,,11.2,,997,
2021-07-30 00:00:00,29.4,24,35.9,49.8,,,7.2,,999.5,
2021-07-31 00:00:00,28.8,24,35,47.2,,,7.8,,998.2,
2021-08-01 00:00:00,29.2,24.4,35,0,,,6.5,,997.7,
2021-08-02 00:00:00,30,26.6,34,,,,12,,999.6,
2021-08-03 00:00:00,29,27,33.9,1,,,16.3,,1001.6,
2021-08-04 00:00:00,28.7,26.6,32.4,4.6,,,17,,1002.9,
2021-08-05 00:00:00,29.1,27,32,,,,14.2,,1001.4,
2021-08-06 00:00:00,29.6,26.9,33.7,0,,,13.6,,1000.5,
2021-08-07 00:00:00,29.2,25.3,33.9,2.3,,,12.3,,1001.8,
2021-08-08 00:00:00,29.9,24.8,34.6,0,,,9,,1003.9,
2021-08-09 00:00:00,30.3,24.9,35.5,,,,8.5,,1004.2,
2021-08-10 00:00:00,27.8,24.8,35.8,16,,,8,,1004.8,
2021-08-11 00:00:00,27.4,25.5,31,,,,6.4,,1006.8,
2021-08-12 00:00:00,27.7,25,33,,,,6.4,,1006.3,
2021-08-13 00:00:00,25.6,24.7,32.7,92.7,,,8.2,,1003.3,
2021-08-14 00:00:00,23.8,22.5,26.5,27.2,,,9,,1006,
2021-08-15 00:00:00,25.6,23.6,28,,,,6.4,,1009.1,
2021-08-16 00:00:00,25.8,24,28.6,42.4,,,4.6,,1010.8,
2021-08-17 00:00:00,26.9,24,32.6,0.3,,,8.8,,1009.6,
2021-08-18 00:00:00,27.8,23.2,32.6,0,,,6.4,,1009,
2021-08-19 00:00:00,28.3,23.3,33.5,,,,7.4,,1007.7,
2021-08-20 00:00:00,29.6,25.1,34,,,,9.2,,1006,
2021-08-21 00:00:00,28.8,26,33.2,,,,10.9,,1005.5,
2021-08-22 00:00:00,29.7,25.8,35,,,,6.6,,1005.6,
2021-08-23 00:00:00,31.5,26.8,35.5,0,,,10.4,,1002.2,
2021-08-24 00:00:00,30.1,26.2,35.5,0.3,,,9.3,,1002.8,
2021-08-25 00:00:00,29.3,25.9,35.5,0,,,9,,1006.6,
2021-08-26 00:00:00,29.7,23.9,36,,,,7,,1010.5,
2021-08-27 00:00:00,30,23.8,35.4,2,,,10.4,,1011.2,
2021-08-28 00:00:00,30.5,25.5,35,,,,7.8,,1011.4,
2021-08-29 00:00:00,31.3,26.3,36,0,,,7.8,,1011.1,
2021-08-30 00:00:00,31.7,26.7,37,,,,8,,1011.4,
2021-08-31 00:00:00,31.3,25.2,36.9,0,,,8.8,,1010.7,
2021-09-01 00:00:00,32,26.7,37,,,,9.2,,1009.6,
2021-09-02 00:00:00,28.3,24.9,37.8,25.4,,,6.9,,1008,
2021-09-03 00:00:00,28.7,24.5,35.6,0,,,9.3,,1007.4,
2021-09-04 00:00:00,30,25.2,35,,,,8,,1008.1,
2021-09-05 00:00:00,30.9,26.8,35.2,0,,,7.8,,1009.6,
2021-09-06 00:00:00,28.8,25.5,35.2,0,,,11.7,,1012,
2021-09-07 00:00:00,27.1,24.8,32.4,0,,,11.8,,1013,
2021-09-08 00:00:00,25.1,23.7,28,0,,,8.7,,1011.9,
2021-09-09 00:00:00,28.4,23.7,32.7,0,,,6.4,,1010.7,
2021-09-10 00:00:00,27.2,24.2,33,,,,5.8,,1010.3,
2021-09-11 00:00:00,27.4,24.1,32.5,0.5,,,9.2,,1008.6,
2021-09-12 00:00:00,25.4,23.8,32.3,25.4,,,15.2,,1006.1,
2021-09-13 00:00:00,24.9,23.1,27.2,56.4,,,20.6,,1005.2,
2021-09-14 00:00:00,25.8,24,27,,,,17.6,,1010.5,
2021-09-15 00:00:00,25.3,22.6,27,,,,15,,1012.4,
2021-09-16 00:00:00,24.6,23,28,,,,9.7,,1010.6,
2021-09-17 00:00:00,24.8,20.7,30.6,0,,,7.9,,1011.9,
2021-09-18 00:00:00,25.9,20,31.5,0,,,7.8,,1013.6,
2021-09-19 00:00:00,28.8,21.4,34.3,0,,,7.4,,1010.4,
2021-09-20 00:00:00,28.6,24.2,35,,,,11.9,,1007,
2021-09-21 00:00:00,26.8,22.5,34.9,0,,,6.6,,1008.8,
2021-09-22 00:00:00,27.8,22,35,0,,,7.5,,1011.3,
2021-09-23 00:00:00,27.7,21,35,,,,9.8,,1015,
2021-09-24 00:00:00,27.1,21,35.3,0,,,11.8,,1016.9,
2021-09-25 00:00:00,26.3,22,33.6,0,,,12.1,,1015.5,
2021-09-26 00:00:00,26.1,21,32.4,0,,,8.3,,1014,
2021-09-27 00:00:00,27.7,21.3,33.4,0,,,6.8,,1012,
2021-09-28 00:00:00,27.8,23,33.4,0,,,6.9,,1009.9,
2021-09-29 00:00:00,27.1,23.7,34.1,7.1,,,10.4,,1007.8,
2021-09-30 00:00:00,25,23,34.1,0,,,10.9,,1010,
2021-10-01 00:00:00,26.3,20.3,32.2,0,,,7.4,,1009.9,
2021-10-02 00:00:00,28,21.6,33.5,0,,,8,,1011.8,
2021-10-03 00:00:00,28.4,24,34.4,0,,,10.1,,1013.6,
2021-10-04 00:00:00,28.9,23.9,34.4,0,,,10.1,,1015.8,
2021-10-05 00:00:00,27.1,24,33.6,0,,,9.6,,1016.4,
2021-10-06 00:00:00,25.9,22.7,32.5,5.3,1,,8.6,,1014.8,
2021-10-07 00:00:00,26.5,23,31.2,0,,,9.7,,1013.2,
2021-10-08 00:00:00,26.1,22.7,31.2,0.5,,,11.3,,1014.6,
2021-10-09 00:00:00,27.6,24,32,,,,10.1,,1015.3,
2021-10-10 00:00:00,24.2,19.4,32.2,7.6,,,9.8,,1015.2,
2021-10-11 00:00:00,19.4,17.5,28.2,16.5,1,,18.8,,1018.9,
2021-10-12 00:00:00,19.4,17.7,21,,,,14.2,,1019.7,
2021-10-13 00:00:00,20.5,18.1,23,,,,9.5,,1017.3,
2021-10-14 00:00:00,24.3,21.5,29,,,,6.6,,1016.2,
2021-10-15 00:00:00,22.3,20.6,29.2,1.3,,,11.7,,1015.8,
2021-10-16 00:00:00,15.2,12.1,25.6,22.9,1,,17.6,,1025,
2021-10-17 00:00:00,15,12.1,18,,,,15.9,,1029.4,
2021-10-18 00:00:00,16.1,12.2,18.3,3.8,,,5.1,,1023.7,
2021-10-19 00:00:00,17.1,12.2,19.4,0,,,11.2,,1023.4,
2021-10-20 00:00:00,12.2,10.7,19.4,44.5,2,,12.1,,1023.2,
2021-10-21 00:00:00,13.3,11,16,,,,10.6,,1023,
2021-10-22 00:00:00,14.9,11.6,18,,,,10.8,,1026.8,
2021-10-23 00:00:00,16.9,12.5,21,,,,8.2,,1027.2,
2021-10-24 00:00:00,17.1,14.2,21.1,0,,,7.7,,1024.8,
2021-10-25 00:00:00,16.5,12,20.2,,,,6.8,,1023,
2021-10-26 00:00:00,17.1,12.7,22,,,,5.1,,1020.3,
2021-10-27 00:00:00,18.6,15,22.5,0,,,6.9,,1022,
2021-10-28 00:00:00,18.4,16,21.3,0,,,6.5,,1023.4,
2021-10-29 00:00:00,18.5,15.5,22.6,,,,7.3,,1022.6,
2021-10-30 00:00:00,17.6,14.7,23.4,0,,,6.9,,1022.8,
2021-10-31 00:00:00,17.6,12,23,,,,6.8,,1023.7,
2021-11-01 00:00:00,19.4,16,24,,,,8.3,,1024.4,
2021-11-02 00:00:00,18.2,16.4,23.2,0.3,,,8.7,,1023.4,
2021-11-03 00:00:00,17.6,15,20,,,,6.9,,1020.8,
2021-11-04 00:00:00,17.2,14,20,,,,5.9,,1017.8,
2021-11-05 00:00:00,19.7,17,23,,,,5.2,,1012.6,
2021-11-06 00:00:00,19.7,17.3,22,7.1,1,,10.5,,1013.4,
2021-11-07 00:00:00,12.9,7.1,23.2,3,,,14.3,,1017.2,
2021-11-08 00:00:00,7.6,3.1,23.2,0.5,,,19.1,,1026.2,
2021-11-09 00:00:00,10.1,3.1,15.2,0,,,9,,1023.1,
2021-11-10 00:00:00,12.2,6,18.8,0,,,11.7,,1019.7,
2021-11-11 00:00:00,12.3,6,19,,,,7.6,,1020.9,
2021-11-12 00:00:00,13.8,9,18.8,0,,,6,,1023.6,
2021-11-13 00:00:00,13.1,9,18.8,0,,,7.6,,1021.1,
2021-11-14 00:00:00,13.4,9,21.3,0,,,6.9,,1021.7,
2021-11-15 00:00:00,14.9,8.1,22,0,,,6.2,,1021.2,
2021-11-16 00:00:00,14.6,10.6,22,0,,,6.1,,1022,
2021-11-17 00:00:00,14.6,11.8,19.6,2.5,,,4.6,,1022.8,
2021-11-18 00:00:00,14.8,12.1,16.4,0.3,,,3.7,,1019.1,
2021-11-19 00:00:00,16.7,13.2,21,,,,5.9,,1017,
2021-11-20 00:00:00,17.4,13.2,22,5.3,,,8.7,,1017.3,
2021-11-21 00:00:00,14.4,8.4,22,15.2,1,,9.8,,1017.4,
2021-11-22 00:00:00,8.3,2.6,18.2,2,,,17.9,,1025.7,
2021-11-23 00:00:00,6.4,3,12.7,0,,,9,,1027,
2021-11-24 00:00:00,8.6,2,16,,,,8.2,,1023.5,
2021-11-25 00:00:00,11.2,5,19.6,0,,,6.5,,1021.9,
2021-11-26 00:00:00,12.7,5.7,19.6,0,,,7.5,,1025.7,
2021-11-27 00:00:00,13.2,8.2,18.8,0,,,9.4,,1030.7,
2021-11-28 00:00:00,13.7,10.5,18,,,,4.4,,1028.3,
2021-11-29 00:00:00,14.4,12.7,17,,,,3.5,,1023.3,
2021-11-30 00:00:00,9.7,8.5,16,0,,,18.9,,1024.3,
2021-12-01 00:00:00,6.3,4.6,13,,,,13.4,,1029.7,
2021-12-02 00:00:00,6.7,1.5,12.7,,,,7.6,,1025.6,
2021-12-03 00:00:00,8.9,2,17,,,,8.5,,1025,
2021-12-04 00:00:00,9.3,3.2,17,,,,6.5,,1028.2,
2021-12-05 00:00:00,10.4,4.3,17.2,,,,5.6,,1026.6,
2021-12-06 00:00:00,10.7,5,18.9,,,,5.1,,1025.9,
2021-12-07 00:00:00,11.2,5.4,18.9,,,,6.9,,1029.2,
2021-12-08 00:00:00,11.9,7.7,15.7,,,,5.8,,1029.9,
2021-12-09 00:00:00,11.8,9,18.6,,,,5.8,,1026.5,
2021-12-10 00:00:00,11.8,6,18.6,,,,5.9,,1026.7,
2021-12-11 00:00:00,13.3,7.9,17.8,,,,6.1,,1026.1,
2021-12-12 00:00:00,8.8,8.5,15.5,2.3,,,12.5,,1029.8,
2021-12-13 00:00:00,7.2,5,12.2,0.3,,,8.6,,1029.9,
2021-12-14 00:00:00,8.6,4.5,12.2,0,,,3.9,,1023,
2021-12-15 00:00:00,12.5,7,19,,,,5.3,,1019.7,
2021-12-16 00:00:00,11.7,9.2,18.1,2.5,,,9.3,,1020.4,
2021-12-17 00:00:00,6.3,4.6,13.5,0.8,,,16.7,,1030.1,
2021-12-18 00:00:00,4.1,0.6,11.4,0,,,6,,1031.9,
2021-12-19 00:00:00,7,1.3,13.5,,,,7,,1027.8,
2021-12-20 00:00:00,9.2,3,16,,,,5.8,,1021.3,
2021-12-21 00:00:00,10.7,5.4,17.9,,,,6.5,,1019.5,
2021-12-22 00:00:00,9.1,6,17.9,,,,6.8,,1021.8,
2021-12-23 00:00:00,12,5.5,16.3,,,,6.8,,1020.8,
2021-12-24 00:00:00,11.2,6.5,17,,,,14.3,,1022,
2021-12-25 00:00:00,2.4,-1.3,16.7,0.3,,,18.8,,1035.8,
2021-12-26 00:00:00,0.8,-2.1,3.6,0,,,17.1,,1040.3,
2021-12-27 00:00:00,1.6,-1.6,5.5,,,,9.8,,1037.2,
2021-12-28 00:00:00,4.5,-0.8,5.5,,,,6.3,,1030,
2021-12-29 00:00:00,7.4,4,13.2,,,,10.1,,1027.6,
2021-12-30 00:00:00,5.6,0,13.2,,,,7.2,,1031.4,
2021-12-31 00:00:00,6,1,11,,,,7.2,,1032.7,
2022-01-01 00:00:00,5.1,4,11.2,,,,5.2,,1028.6,
2022-01-02 00:00:00,6.3,0,12.8,,,,5.3,,1028.5,
2022-01-03 00:00:00,6.9,1,15.2,,,,5.6,,1025.5,
2022-01-04 00:00:00,9.6,2,15.2,,,,7.2,,1024.6,
2022-01-05 00:00:00,8.6,5.3,12.1,0.5,,,9.2,,1021.2,
2022-01-06 00:00:00,7.4,5.9,10.8,,,,12.3,,1030.2,
2022-01-07 00:00:00,7.6,5.7,10,,,,8.7,,1030.2,
2022-01-08 00:00:00,8.2,7,10,,,,7,,1026.6,
2022-01-09 00:00:00,6.7,5.5,9.6,1.5,,,6.1,,1024,
2022-01-10 00:00:00,7.4,5,10,,,,8.1,,1022.7,
2022-01-11 00:00:00,3.6,2,9.7,0.3,,,13.1,,1027.6,
2022-01-12 00:00:00,4.6,-0.9,9.5,0,,,5.5,,1025.5,
2022-01-13 00:00:00,2.2,1,9.5,0.5,,,10.6,,1028.1,
2022-01-14 00:00:00,3.1,-1.4,7.1,2.5,,,5.9,,1026.7,
2022-01-15 00:00:00,7.6,-0.3,12.3,0.5,,,6,,1024.2,
2022-01-16 00:00:00,9.1,6.6,12.2,,,,8.6,,1027.2,
2022-01-17 00:00:00,8.8,6.6,12.4,,,,5.8,,1028.3,
2022-01-18 00:00:00,7.6,6.2,12.1,,,,8.4,,1026.6,
2022-01-19 00:00:00,10.4,3.9,15.8,,,,7.7,,1024,
2022-01-20 00:00:00,7.1,6,15.8,,,,14.8,,1027.7,
2022-01-21 00:00:00,7.6,5,10,,,,12.8,,1026.4,
2022-01-22 00:00:00,8.6,7.2,9,,,,5.3,,1020,
2022-01-23 00:00:00,9.6,8.7,11,,,,10.1,,1017.1,
2022-01-24 00:00:00,7.4,6.7,10.1,3.3,,,11.7,,1021.8,
2022-01-25 00:00:00,6.9,5.7,8,,,,7.9,,1023.6,
2022-01-26 00:00:00,6.5,5.7,8,,,,9.9,,1023.6,
2022-01-27 00:00:00,5.9,2.5,7.7,19.8,,,12.5,,1025,
2022-01-28 00:00:00,2.9,1.7,6.7,19.3,1,,12.2,,1027.3,
2022-01-29 00:00:00,2.3,0.3,4.3,9.4,,,9.7,,1024.5,
2022-01-30 00:00:00,2,-0.6,5.7,0,,,9,,1026.3,
2022-01-31 00:00:00,5.2,-0.6,8,0.3,,,6.6,,1028,
2022-02-01 00:00:00,5,0,8,3.3,,,7,,1029,
2022-02-02 00:00:00,2,0,5.8,13.5,1,,8.5,,1029.3,
2022-02-03 00:00:00,2.7,0.6,4,,,,8.6,,1027.4,
2022-02-04 00:00:00,4.9,2,8,,,,6.5,,1028.9,
2022-02-05 00:00:00,3.6,0,7.1,0.3,,,7.9,,1032,
2022-02-06 00:00:00,4.5,0.7,6.9,4.8,,,9.8,,1031.6,
2022-02-07 00:00:00,3,0.2,5.9,32.3,,,10.7,,1025,
2022-02-08 00:00:00,3,1.2,5,,,,8.2,,1028.5,
2022-02-09 00:00:00,4.1,3.5,5,,,,6.5,,1025.4,
2022-02-10 00:00:00,5.4,3.1,7,2.5,,,5.8,,1025.2,
2022-02-11 00:00:00,6.6,3.7,7,16.8,1,,9.6,,1022.9,
2022-02-12 00:00:00,6.8,5.1,7,0.8,,,8.2,,1022.8,
2022-02-13 00:00:00,6.8,6,8,,,,7.1,,1021.6,
2022-02-14 00:00:00,7.4,2,11,,,,6.7,,1024.2,
2022-02-15 00:00:00,7,4.7,10.4,0,,,8.6,,1024.7,
2022-02-16 00:00:00,6.8,5,10,,,,13,,1024.6,
2022-02-17 00:00:00,2.7,0.9,8.7,25.4,,,15.2,,1026.9,
2022-02-18 00:00:00,3.8,1.3,6,,,,9.4,,1025.7,
2022-02-19 00:00:00,4,3,6,,,,15.8,,1028.8,
2022-02-20 00:00:00,3.1,1,5.2,0,,,11.7,,1033.2,
2022-02-21 00:00:00,4.7,0,8,,,,5.7,,1032.2,
2022-02-22 00:00:00,4.1,1.6,8.3,3.6,,,6.3,,1032.9,
2022-02-23 00:00:00,3.8,0,8,3.3,1,,7.1,,1034.7,
2022-02-24 00:00:00,5.2,0,10.3,0,,,7.4,,1033.5,
2022-02-25 00:00:00,6.4,0,14,,,,7.7,,1028.2,
2022-02-26 00:00:00,11.3,2.9,18.2,0,,,8.4,,1023.2,
2022-02-27 00:00:00,11.4,5.8,18.2,0,,,8.4,,1023,
2022-02-28 00:00:00,15.5,8,25,,,,7.6,,1016.5,
2022-03-01 00:00:00,14.1,10,24.4,3.3,,,11.6,,1018.8,
2022-03-02 00:00:00,12.4,8,21.5,0,,,7.1,,1022,
2022-03-03 00:00:00,15.3,7.9,21.9,15.5,,,6.3,,1017.5,
2022-03-04 00:00:00,15.5,10.5,21.9,0.5,,,7.1,,1014.8,
2022-03-05 00:00:00,12.9,9.9,21.2,0,,,13.1,,1018.5,
2022-03-06 00:00:00,7.9,5.1,19.5,7.9,,,12.8,,1023.7,
2022-03-07 00:00:00,8.4,5.3,14,,,,7,,1022.7,
2022-03-08 00:00:00,12.2,6,20,,,,9.2,,1019.7,
2022-03-09 00:00:00,14.4,6.8,23,0,,,8.1,,1018.6,
2022-03-10 00:00:00,16.2,9,24,,,,7.8,,1015.3,
2022-03-11 00:00:00,19.5,12,28,,,,8.5,,1013.9,
2022-03-12 00:00:00,23.7,13.8,29.1,0,,,8.2,,1012.3,
2022-03-13 00:00:00,21.9,19.4,29.1,0.3,,,9.9,,1010.2,
2022-03-14 00:00:00,20.7,16,31.3,2,,,11,,1012.5,
2022-03-15 00:00:00,17.4,14,31.3,0,,,10,,1013.5,
2022-03-16 00:00:00,21.2,14,30,,,,7.2,,1010.2,
2022-03-17 00:00:00,13.7,8.6,29.8,42.4,,,13.6,,1008.1,
2022-03-18 00:00:00,12.3,8.6,19.3,0,,,13.4,,1013.5,
2022-03-19 00:00:00,12.5,10,15,,,,11.6,,1014.3,
2022-03-20 00:00:00,8.9,7.3,14,40.1,1,,16.8,,1018.3,
2022-03-21 00:00:00,9.4,7.8,11,,,,16.5,,1018.5,
2022-03-22 00:00:00,8.1,6.6,10.1,15.5,,,10.5,,1022.9,
2022-03-23 00:00:00,10.1,6.8,14,,,,6.6,,1020.7,
2022-03-24 00:00:00,14.6,7,22,,,,9.4,,1015.5,
2022-03-25 00:00:00,18.1,9.4,22.3,28.4,,,9.5,,1006.4,
2022-03-26 00:00:00,15.4,12.4,22.3,0,,,13.5,,1014.5,
2022-03-27 00:00:00,14.6,12.4,17.7,0,,,5.2,,1019.9,
2022-03-28 00:00:00,11.5,7.9,17.7,0,,,10.9,,1024.1,
2022-03-29 00:00:00,14.4,7.9,23,,,,8.2,,1020.5,
2022-03-30 00:00:00,19.1,11.7,25.6,6.1,,,9.2,,1017.7,
2022-03-31 00:00:00,12,8.9,25.6,3.6,,,12.5,,1026.1,
2022-04-01 00:00:00,10.8,8.9,14.7,0,,,13.6,,1031.3,
2022-04-02 00:00:00,11.3,6.6,16.6,0,,,7,,1029,
2022-04-03 00:00:00,12.6,7,18.5,0,,,8.7,,1028.3,
2022-04-04 00:00:00,13.6,7,21,,,,8.1,,1026.7,
2022-04-05 00:00:00,14.8,12,20.3,0,,,4.7,,1021.4,
2022-04-06 00:00:00,18,10.3,25.1,0,,,6.7,,1020,
2022-04-07 00:00:00,19.6,13,28,,,,7.9,,1018.4,
2022-04-08 00:00:00,22.3,13.6,30.2,0,,,6.9,,1016.6,
2022-04-09 00:00:00,22.6,15,31,,,,8.2,,1012.7,
2022-04-10 00:00:00,22.7,17.7,30,0,,,8.3,,1010.6,
2022-04-11 00:00:00,25.6,17,33,0,,,7.5,,1009.3,
2022-04-12 00:00:00,25.9,19,33.7,,,,6.3,,1007.4,
2022-04-13 00:00:00,16.4,13.2,24,,,,16.6,,1008.4,
2022-04-14 00:00:00,14.5,12.6,17.5,0,,,16.8,,1015,
2022-04-15 00:00:00,14.9,13.2,17.5,0,,,14.2,,1020.4,
2022-04-16 00:00:00,14.4,12.1,16.2,,,,10.2,,1021.1,
2022-04-17 00:00:00,16.3,10.2,20.3,0,,,8.6,,1019.7,
2022-04-18 00:00:00,16.1,13.8,21,0,,,5.4,,1018.6,
2022-04-19 00:00:00,18.6,12.1,24.1,0,,,6.9,,1018.5,
2022-04-20 00:00:00,20.1,13.8,26,,,,7.7,,1014.5,
2022-04-21 00:00:00,21.1,15.6,28,,,,9.6,,1011,
2022-04-22 00:00:00,22.9,16,29,,,,7.8,,1010.2,
2022-04-23 00:00:00,18.8,17.1,28.3,9.7,,,8,,1009.9,
2022-04-24 00:00:00,21.1,17.1,27.4,0.3,,,9.2,,1009.5,
2022-04-25 00:00:00,23.2,18,31,,,,6.8,,1003.8,
2022-04-26 00:00:00,20.8,19.8,30.5,18.5,1,,8.4,,1005.7,
2022-04-27 00:00:00,18.7,16.3,24.3,0,,,15.3,,1014.5,
2022-04-28 00:00:00,17.7,16.4,21.8,13.2,,,10.5,,1012.4,
2022-04-29 00:00:00,14.5,12.3,21.6,0.3,,,14.2,,1017.9,
2022-04-30 00:00:00,14.4,12.6,16,,,,7.2,,1019.3,
2022-05-01 00:00:00,15.9,12.9,19,,,,7.2,,1019,
2022-05-02 00:00:00,18.3,12.6,25,,,,6.9,,1018.1,
2022-05-03 00:00:00,21.1,14.4,28.1,0,,,8.4,,1018.9,
2022-05-04 00:00:00,21,14,28.4,0,,,7.6,,1016.6,
2022-05-05 00:00:00,22.2,14.1,29.2,0,,,7.7,,1013.7,
2022-05-06 00:00:00,24,16,31.2,,,,7.2,,1012,
2022-05-07 00:00:00,22.6,18.6,31.8,0,,,11.6,,1014.9,
2022-05-08 00:00:00,21.2,19,28.8,0,,,12.2,,1016.1,
2022-05-09 00:00:00,18.1,16.2,25.8,2,,,11.4,,1015.8,
2022-05-10 00:00:00,18.8,16.2,20,1.3,,,7,,1012.3,
2022-05-11 00:00:00,19.2,17.7,21,,,,9.2,,1012.2,
2022-05-12 00:00:00,18.3,16.7,20.3,24.4,,,6.4,,1010.8,
2022-05-13 00:00:00,15.7,15.1,20,6.1,,,11,,1010.5,
2022-05-14 00:00:00,17.4,12.4,23,,,,8.8,,1016.3,
2022-05-15 00:00:00,17.1,12.8,22.2,0.3,,,8.4,,1017.7,
2022-05-16 00:00:00,19.7,14.5,26,,,,10.5,,1015.4,
2022-05-17 00:00:00,21.8,14.4,29,,,,8.7,,1015,
2022-05-18 00:00:00,22.9,15.8,28.4,0,,,6.6,,1016.8,
2022-05-19 00:00:00,22.3,17.9,27.6,2.5,,,7,,1014.6,
2022-05-20 00:00:00,18.6,15.8,26.4,4.3,,,8.4,,1011.7,
2022-05-21 00:00:00,21.4,16,27,,,,6.8,,1010.7,
2022-05-22 00:00:00,24.6,17,29,0.8,,,8.1,,1008.9,
2022-05-23 00:00:00,20.7,19,29,0,,,10.8,,1010.6,
2022-05-24 00:00:00,22.2,19.2,27,0,,,9.6,,1011.6,
2022-05-25 00:00:00,23.7,20.6,29.2,0,,,7.2,,1009.5,
2022-05-26 00:00:00,23.1,20.9,29.2,3.3,,,8.7,,1006.9,
2022-05-27 00:00:00,26.2,19.3,31,0,,,7.8,,1005.4,
2022-05-28 00:00:00,21.6,20.6,31,12.2,,,8.7,,1004.7,
2022-05-29 00:00:00,22.1,20.2,24,79,,,3.3,,1001.6,
2022-05-30 00:00:00,25,22.5,29,4,,,7.5,,1004.8,
2022-05-31 00:00:00,25.1,21.5,29.7,2,,,9.3,,1008.1,
2022-06-01 00:00:00,24.4,21.8,29.7,3.3,,,8,,1004.8,
2022-06-02 00:00:00,26.6,21.8,32.1,0,,,7.5,,1004.5,
2022-06-03 00:00:00,26.3,22.6,32.1,0,,,8.1,,1004.2,
2022-06-04 00:00:00,27.5,24.4,33,21.6,,,7,,1002.6,
2022-06-05 00:00:00,24.3,21.4,33,44.7,,,6.8,,998.9,
2022-06-06 00:00:00,26.5,21.4,32.4,0,,,8,,1002,
2022-06-07 00:00:00,25.1,23,32.5,0,,,9,,1006.3,
2022-06-08 00:00:00,25.4,21.1,31.5,0,,,9.6,,1008.4,
2022-06-09 00:00:00,26.8,21.9,31.5,0,,,8.3,,1007.7,
2022-06-10 00:00:00,20.7,19,30.7,10.2,,,11.4,,1008.5,
2022-06-11 00:00:00,21.9,19,25,1.2,,,9.5,,1010.6,
2022-06-12 00:00:00,20.7,19.8,25.7,19.8,,,9.6,,1009,
2022-06-13 00:00:00,22.1,20,25,6.7,,,6.1,,1004.6,
2022-06-14 00:00:00,26.9,19.9,32,2.3,,,6.2,,1005.4,
2022-06-15 00:00:00,27.6,22,32.8,0,,,5.2,,1007.4,
2022-06-16 00:00:00,27.7,22.6,33,0,,,6.3,,1006.6,
2022-06-17 00:00:00,29.1,23.2,35,0,,,6.6,,1004.7,
2022-06-18 00:00:00,29.5,24.2,34.4,0,,,6,,1003.3,
2022-06-19 00:00:00,26.3,23.1,34,0.5,,,10.4,,1003.5,
2022-06-20 00:00:00,26.7,23.2,31,18.9,,,7.4,,1000.9,
2022-06-21 00:00:00,28.2,24.3,32.8,1,,,5,,1002.6,
2022-06-22 00:00:00,29.6,25.4,34.2,0,,,8.4,,1004.9,
2022-06-23 00:00:00,31.9,27,36.4,0,,,14,,1004.2,
2022-06-24 00:00:00,27.9,24.1,36.7,4.1,,,10,,1003.8,
2022-06-25 00:00:00,28.8,24.3,34.2,28.5,,,6.6,,1004.2,
2022-06-26 00:00:00,32.9,25.7,36.1,0,,,11,,1005.1,
2022-06-27 00:00:00,33.3,29.7,37.1,0,,,15.4,,1003.2,
2022-06-28 00:00:00,32.8,29,37.1,0,,,12.5,,1001,
2022-06-29 00:00:00,30.2,24.8,37.2,24.4,,,12,,1002.1,
2022-06-30 00:00:00,26.9,22.4,37.2,56.9,,,7.8,,1006.5,
2022-07-01 00:00:00,28.4,23.7,34,2.7,,,8.5,,1008.2,
2022-07-02 00:00:00,29.6,24.8,34.4,0,,,13.4,,1007.3,
2022-07-03 00:00:00,29.9,25.9,35.3,0,,,10.6,,1004.3,
2022-07-04 00:00:00,30.8,26.7,35.3,4.8,,,10.4,,1001.8,
2022-07-05 00:00:00,31.6,27.5,36,4.5,,,8.2,,1000.3,
2022-07-06 00:00:00,33.1,28.2,37,0.3,,,12.3,,1000.9,
2022-07-07 00:00:00,32.6,28.3,37,2.2,,,11.6,,1004.5,
2022-07-08 00:00:00,33.1,28.8,39,1.9,,,11.6,,1004.3,
2022-07-09 00:00:00,32.6,28.8,38,7.1,,,9,,1002.7,
2022-07-10 00:00:00,34.8,28.1,39.6,0,,,8.8,,1002.6,
2022-07-11 00:00:00,34.4,30.2,39.6,0,,,7,,1003.9,
2022-07-12 00:00:00,35.4,30.3,41,0,,,8.8,,1003.5,
2022-07-13 00:00:00,35.8,30.9,41,0,,,9.6,,1002.4,
2022-07-14 00:00:00,35.6,30,40.3,0,,,10.5,,1001.7,
2022-07-15 00:00:00,33.9,30,40.3,0,,,8.5,,1000.5,
2022-07-16 00:00:00,32.9,29.6,39.1,0,,,7.2,,1000.2,
2022-07-17 00:00:00,31.2,25.5,38.5,4.8,,,10.1,,999,
2022-07-18 00:00:00,28.9,26,38.5,9.1,,,9.2,,1000.2,
2022-07-19 00:00:00,28.4,26.2,33.7,33.8,,,5.2,,1003.8,
2022-07-20 00:00:00,33.4,26.2,38.1,0,,,12.6,,1005.2,
2022-07-21 00:00:00,30.4,26.2,38.1,24.6,,,9.8,,1007.7,
2022-07-22 00:00:00,32.1,25.5,37.1,0.3,,,5.7,,1007.7,
2022-07-23 00:00:00,33.9,27.6,40,0,,,11.4,,1003.7,
2022-07-24 00:00:00,28.7,23,40,0,,,9,,1005.6,
2022-07-25 00:00:00,29.3,23.8,37.7,19.1,,,8.8,,1006.8,
2022-07-26 00:00:00,30.1,24.5,37.7,1.8,,,9.6,,1005.3,
2022-07-27 00:00:00,31,24.9,38.3,1.3,,,8.2,,1005,
2022-07-28 00:00:00,32.9,24.9,38.8,0,,,8.7,,1004.6,
2022-07-29 00:00:00,31.1,27.5,38.8,0,,,12.2,,1005.1,
2022-07-30 00:00:00,30.5,26.9,36.3,0,,,9.3,,1003.6,
2022-07-31 00:00:00,31.4,26.7,36.7,0,,,9.8,,1002.1,
2022-08-01 00:00:00,31.6,27.3,36.7,2.3,,,8.4,,1004.5,
2022-08-02 00:00:00,32.4,28.1,38.4,0,,,7.6,,1006.5,
2022-08-03 00:00:00,32.8,28,38.4,0,,,10.6,,1006.9,
2022-08-04 00:00:00,34.3,29.5,38.7,0,,,11.5,,1006.6,
2022-08-05 00:00:00,35,30.2,40.2,0,,,9.6,,1005.4,
2022-08-06 00:00:00,29.6,26,40.2,1.8,,,8.2,,1005.5,
2022-08-07 00:00:00,33.1,26.8,39.4,0,,,8.4,,1005.4,
2022-08-08 00:00:00,33.3,29,39.4,0,,,11.1,,1005.8,
2022-08-09 00:00:00,34.3,29.9,40,0,,,10.6,,1005.5,
2022-08-10 00:00:00,34.3,30,40,0,,,8.5,,1005.4,
2022-08-11 00:00:00,34.7,29.5,40,0,,,7.5,,1005.3,
2022-08-12 00:00:00,33.9,29,41,0,,,7.8,,1005.1,
2022-08-13 00:00:00,34.8,29.4,41.2,0,,,7.5,,1004.2,
2022-08-14 00:00:00,35.1,29.5,41.8,0,,,6.3,,1003.8,
2022-08-15 00:00:00,35.5,29.4,41.8,0,,,8.7,,1002.6,
2022-08-16 00:00:00,33.5,24.9,41.3,6.1,,,10.4,,1003.1,
2022-08-17 00:00:00,31.8,24.6,39.7,55.6,,,9.3,,1005.5,
2022-08-18 00:00:00,32.2,25.6,39,0,,,8.1,,1004.6,
2022-08-19 00:00:00,35.1,29,41,0,,,9.9,,1002.7,
2022-08-20 00:00:00,33.8,28.1,40.7,10.2,,,9.8,,1004.3,
2022-08-21 00:00:00,33.4,28.1,39.9,0,,,8.7,,1004.5,
2022-08-22 00:00:00,34.8,29.7,40,0,,,8.8,,1002.6,
2022-08-23 00:00:00,34.9,31,41,0.9,,,11.2,,1004.5,
2022-08-24 00:00:00,29.3,26.6,40.2,0,,,14.8,,1008.1,
2022-08-25 00:00:00,30.9,26.4,37,1.2,,,8.8,,1007,
2022-08-26 00:00:00,28.5,25.5,36.8,21.6,,,9.2,,1007.9,
2022-08-27 00:00:00,25.6,23.3,33.9,1.8,,,7.5,,1009.6,
2022-08-28 00:00:00,26.7,23.3,29.1,0,,,10.5,,1010.8,
2022-08-29 00:00:00,29.9,24.5,36,0,,,7,,1009.5,
2022-08-30 00:00:00,27.8,24.2,36.1,0,,,11,,1009.3,
2022-08-31 00:00:00,24.8,22.3,33.5,0,,,12.9,,1010.9,
2022-09-01 00:00:00,26.1,22.6,30,0,,,14.6,,1012.4,
2022-09-02 00:00:00,24.2,21.8,29.6,5.1,,,14.8,,1010.6,
2022-09-03 00:00:00,24.7,21.6,26.7,17,,,17.1,,1005.7,
2022-09-04 00:00:00,25,23.4,27,16.5,,,20.2,,1002.8,
2022-09-05 00:00:00,24,22.3,29.6,0.5,,,18.2,,1002.5,
2022-09-06 00:00:00,26.7,20.1,32.9,0,,,5.9,,1011.7,
2022-09-07 00:00:00,28.7,21.6,35.3,0,,,5.6,,1015.4,
2022-09-08 00:00:00,26.9,24.1,35.3,0,,,9.5,,1016.1,
2022-09-09 00:00:00,25.6,23,31.8,0,,,9.9,,1015.5,
2022-09-10 00:00:00,25.7,21,30.7,0,,,8,,1013.9,
2022-09-11 00:00:00,26.5,22,31,0.5,,,7.6,,1011.9,
2022-09-12 00:00:00,25.8,23,30.7,0,,,10.4,,1010.5,
2022-09-13 00:00:00,23.4,22.4,30.5,57.4,,,14,,1009.7,
2022-09-14 00:00:00,23.2,22.5,24.4,13.5,,,20,,1005.2,
2022-09-15 00:00:00,24.6,22,28,28.4,,,14.4,,1003.6,
2022-09-16 00:00:00,26.3,22,30.6,0.2,,,7,,1006.2,
2022-09-17 00:00:00,27.1,21.3,31.6,0,,,7.2,,1006.8,
2022-09-18 00:00:00,26.6,23.5,31.6,0,,,13.4,,1006.5,
2022-09-19 00:00:00,25.1,19.3,30.6,0,,,14.6,,1009.7,
2022-09-20 00:00:00,23.2,18.8,30.6,0,,,14.8,,1014.5,
2022-09-21 00:00:00,22.2,20.9,26.9,0,,,8.7,,1015.5,
2022-09-22 00:00:00,23.9,20.1,28.6,0,,,5.6,,1012.7,
2022-09-23 00:00:00,23.4,20.8,28.6,0,,,11.8,,1015.4,
2022-09-24 00:00:00,21.7,18,27.7,0,,,11.1,,1017.7,
2022-09-25 00:00:00,23.1,18.8,28,0,,,7.5,,1015.3,
2022-09-26 00:00:00,23.7,20,28,0,,,9.2,,1014.9,
2022-09-27 00:00:00,24.5,22,28.2,0,,,11.2,,1013.9,
2022-09-28 00:00:00,22.3,20,28.5,0,,,9.2,,1012.6,
2022-09-29 00:00:00,22,20,26.3,4.3,,,8,,1013.9,
2022-09-30 00:00:00,25.9,21.6,33,0,,,6.6,,1013.2,
2022-10-01 00:00:00,28.3,24,35,0,,,6.1,,1012.5,
2022-10-02 00:00:00,31.2,24.8,37.7,0,,,8,,1011,
2022-10-03 00:00:00,31.8,26,38,0,,,7.5,,1010.7,
2022-10-04 00:00:00,23.8,18.1,30,0.1,,,16.2,,1017.2,
2022-10-05 00:00:00,17.8,14.9,26.8,1.3,,,14.1,,1022.3,
2022-10-06 00:00:00,15.4,14.8,20.1,8.9,,,11.7,,1021.8,
2022-10-07 00:00:00,15.5,14,16.2,8.4,,,8.9,,1023.5,
2022-10-08 00:00:00,16.2,14.8,18,5.2,,,6.4,,1022.5,
2022-10-09 00:00:00,16.7,12.1,19.1,1.3,,,10.5,,1022.2,
2022-10-10 00:00:00,16,11.8,20,0,,,15.9,,1025.9,
2022-10-11 00:00:00,15.2,10.7,20,0,,,6.3,,1025.6,
2022-10-12 00:00:00,16.8,10.4,22,0,,,6.8,,1024.6,
2022-10-13 00:00:00,17.9,12,23,0,,,5.7,,1022.2,
2022-10-14 00:00:00,20.4,15.7,24,0,,,8.9,,1018.8,
2022-10-15 00:00:00,20.6,16.8,24.4,0,,,9.5,,1018.2,
2022-10-16 00:00:00,20.7,16.8,24.4,0,,,10.6,,1018.9,
2022-10-17 00:00:00,17.3,11.9,24.3,0,,,17.4,,1023,
2022-10-18 00:00:00,15.3,12.2,21.5,0,,,12.1,,1025.8,
2022-10-19 00:00:00,15.5,9,21,0,,,9.3,,1026.4,
2022-10-20 00:00:00,17.3,11.3,22.2,0,,,7.5,,1024.8,
2022-10-21 00:00:00,19.2,12,27,0,,,5.8,,1021.4,
2022-10-22 00:00:00,21.8,16.4,26.2,0,,,7.8,,1020.5,
2022-10-23 00:00:00,18.3,15,26.2,0,,,12.8,,1022.3,
2022-10-24 00:00:00,17.8,12.7,23.5,0,,,8.7,,1024.5,
2022-10-25 00:00:00,17.8,14,22.2,0,,,12,,1025,
2022-10-26 00:00:00,18.3,16,21,0.5,,,7.4,,1021.9,
2022-10-27 00:00:00,17.8,16.7,19.7,4.3,,,7.2,,1022.4,
2022-10-28 00:00:00,17.2,16,19.2,0,,,12,,1024.9,
2022-10-29 00:00:00,17.6,15,22,0,,,8.4,,1024,
2022-10-30 00:00:00,17.5,14,22,0.1,,,9,,1021.8,
2022-10-31 00:00:00,18.3,15,22,0,,,10.9,,1021.2,
2022-11-01 00:00:00,17.9,14,22.7,0,,,11.8,,1021.9,
2022-11-02 00:00:00,17.3,14,21,0.2,,,6.9,,1020.3,
2022-11-03 00:00:00,17.8,14,22,0,,,9.3,,1019.3,
2022-11-04 00:00:00,15.2,14,21.5,0,,,13.6,,1025.2,
2022-11-05 00:00:00,14.3,11,18.6,0,,,8,,1027.1,
2022-11-06 00:00:00,14.8,10.9,20.1,0,,,5.6,,1023.7,
2022-11-07 00:00:00,16.7,11,23.3,0,,,5.7,,1021.2,
2022-11-08 00:00:00,17,12,24,0,,,7.2,,1022.3,
2022-11-09 00:00:00,18.8,14.4,24.1,0,,,3.8,,1020.4,
2022-11-10 00:00:00,20.9,15,28,0,,,7.2,,1019,
2022-11-11 00:00:00,21.5,17.4,28.1,2.3,,,7.4,,1018.5,
2022-11-12 00:00:00,22.9,18,31.1,0,,,8.1,,1014.7,
2022-11-13 00:00:00,15.6,13.1,20,0.3,,,15.6,,1022.4,
2022-11-14 00:00:00,11.9,10.8,15.4,1.5,,,9.6,,1022.8,
2022-11-15 00:00:00,11.1,10,14.4,0,,,5.4,,1021.1,
2022-11-16 00:00:00,12.5,7,17,17.5,,,6.2,,1020.2,
2022-11-17 00:00:00,15.3,14,17,6.7,,,8.1,,1017.9,
2022-11-18 00:00:00,17.7,14.2,18.2,3.8,,,5.4,,1020.2,
2022-11-19 00:00:00,17.7,16.5,19,5.7,,,6,,1018.5,
2022-11-20 00:00:00,16.6,15,19,0.8,,,5.2,,1018.7,
2022-11-21 00:00:00,17.3,13,21,0,,,5.2,,1018.7,
2022-11-22 00:00:00,17.7,15.7,21,5.2,,,9,,1015.7,
2022-11-23 00:00:00,16.1,15,20.2,0,,,9.8,,1020.6,
2022-11-24 00:00:00,17.1,14,19,0.8,,,6,,1020.1,
2022-11-25 00:00:00,18.1,14.6,21.6,1.5,,,3.3,,1016.7,
2022-11-26 00:00:00,18.7,16,22,0,,,6.3,,1017.3,
2022-11-27 00:00:00,17.2,13.8,22.7,0,,,6.6,,1014,
2022-11-28 00:00:00,17.7,15,21,8.2,,,5.4,,1010.7,
2022-11-29 00:00:00,10.1,4,18.9,24.6,,,18.3,,1019.9,
2022-11-30 00:00:00,1.7,-0.1,13.5,8.4,1,,20.2,,1034.8,
2022-12-01 00:00:00,0.8,-0.4,3.2,5.6,5,,11.4,,1034.6,
2022-12-02 00:00:00,2.7,0.2,5,0.9,,,6.7,,1029.9,
2022-12-03 00:00:00,6.1,4,8,8.3,,,8.2,,1024.7,
2022-12-04 00:00:00,7.8,6.6,9,10.4,,,14.4,,1028.2,
2022-12-05 00:00:00,6.9,4.7,8.5,2.3,,,12.2,,1030,
2022-12-06 00:00:00,8.5,5.1,12,0,,,5.9,,1027.6,
2022-12-07 00:00:00,9.5,5,12,1.2,,,4.7,,1025.7,
2022-12-08 00:00:00,11,9.3,14,0.2,,,3.8,,1023.3,
2022-12-09 00:00:00,10.9,9.3,12.4,1,,,7.1,,1021.4,
2022-12-10 00:00:00,10.4,10,12.3,0,,,7.7,,1021.6,
2022-12-11 00:00:00,7.8,6,12.3,0,,,15.5,,1026.3,
2022-12-12 00:00:00,7.7,5,11,0,,,8,,1025.5,
2022-12-13 00:00:00,8.8,1.3,12.8,0,,,6.5,,1027.1,
2022-12-14 00:00:00,5.1,3.6,12.8,0,,,9.8,,1030.7,
2022-12-15 00:00:00,6.9,0,14,0,,,5.1,,1024.3,
2022-12-16 00:00:00,6.2,2.8,13.4,8.1,,,12,,1027,
2022-12-17 00:00:00,1.9,0,8.1,0,,,18.8,,1035.3,
2022-12-18 00:00:00,1.2,-3.1,7,0,,,10.5,,1032.1,
2022-12-19 00:00:00,3.9,-2,12,0,,,6,,1026.8,
2022-12-20 00:00:00,6.4,-2,14,0,,,3.9,,1022.6,
2022-12-21 00:00:00,7.8,1.9,14.1,0,,,10,,1018.3,
2022-12-22 00:00:00,4.8,-1.3,14.1,0,,,17.2,,1020.3,
2022-12-23 00:00:00,2,-0.7,9.1,0,,,8.6,,1026.2,
2022-12-24 00:00:00,2.9,-2,9.6,0,,,9.8,,1027.8,
2022-12-25 00:00:00,2.8,-1.3,9.6,0,,,5.7,,1029.5,
2022-12-26 00:00:00,4.7,-0.1,7.7,0,,,5.9,,1029.3,
2022-12-27 00:00:00,6,1.5,7.3,0,,,4.8,,1030.8,
2022-12-28 00:00:00,4.9,2.6,7,1,,,8,,1032.9,
2022-12-29 00:00:00,3.8,2.7,5.6,4.8,,,4.8,,1034.4,
2022-12-30 00:00:00,4.2,2,7,0,,,5,,1034.2,
2022-12-31 00:00:00,3.9,0.3,9.1,0,,,4.6,,1033.4,
2023-01-01 00:00:00,7.2,1.1,9.1,0.5,,,5.6,,1031.6,
2023-01-02 00:00:00,5.7,3.9,9,4.8,,,6.9,,1033.3,
2023-01-03 00:00:00,5.1,3,10,0,,,5.7,,1032.9,
2023-01-04 00:00:00,5.6,0,11,0,,,7.2,,1030.8,
2023-01-05 00:00:00,9.7,7,13,0,,,4,,1028.8,
2023-01-06 00:00:00,9.6,6,17.7,0,,,6.2,,1026.4,
2023-01-07 00:00:00,9.1,3,17.7,0,,,4.8,,1024.6,
2023-01-08 00:00:00,10.6,3,21,0,,,5,,1022.2,
2023-01-09 00:00:00,11.7,5.9,20.2,0,,,7.7,,1024,
2023-01-10 00:00:00,8.1,7.9,17.4,0,,,9.5,,1027.4,
2023-01-11 00:00:00,9.9,4,17,0,,,3.8,,1022.6,
2023-01-12 00:00:00,14.5,7,22,2.4,,,5.4,,1014.8,
2023-01-13 00:00:00,16.2,9.1,22.3,28.2,,,4.2,,1010.7,
2023-01-14 00:00:00,6.9,3.9,17.1,11.2,,,17.4,,1015.6,
2023-01-15 00:00:00,0.1,-1.1,13.8,0.3,,,20.4,,1028.6,
2023-01-16 00:00:00,1.9,-1.7,3.6,0,,,13.1,,1031.4,
2023-01-17 00:00:00,3.2,-1.2,5.4,0,,,6.3,,1030.1,
2023-01-18 00:00:00,4.4,0,10,0,,,7.6,,1030,
2023-01-19 00:00:00,5.9,0,12,0,,,4,,1026.9,
2023-01-20 00:00:00,8,1.6,12.1,0,,,9.2,,1029.9,
2023-01-21 00:00:00,9.1,4.6,11.6,0.3,,,10.6,,1025.7,
2023-01-22 00:00:00,7.7,6.7,10.9,1,,,7.1,,1021.2,
2023-01-23 00:00:00,5.6,5.7,9.2,8.9,,,12.4,,1024,
2023-01-24 00:00:00,-0.8,-2,6.9,0.3,,,22,,1037.3,
2023-01-25 00:00:00,-1.1,-6,4,0,,,8.1,,1031.6,
2023-01-26 00:00:00,5.2,-3.4,10.1,0,,,8.1,,1024.5,
2023-01-27 00:00:00,1.3,0,10.1,0,,,15.9,,1032.1,
2023-01-28 00:00:00,1.7,-3.3,7.9,0,,,6.9,,1030.1,
2023-01-29 00:00:00,4.6,-1.8,12.6,0,,,7.4,,1026.4,
2023-01-30 00:00:00,7.1,-0.2,15.5,0,,,6.9,,1024.4,
2023-01-31 00:00:00,11,1.7,21.6,0,,,6.3,,1016.5,
2023-02-01 00:00:00,9.8,4.1,21.6,0,,,9.5,,1019.4,
2023-02-02 00:00:00,5.3,3.9,15.7,2,,,12.6,,1028.2,
2023-02-03 00:00:00,5.5,4,7,1.9,,,5.6,,1026,
2023-02-04 00:00:00,7.3,4.2,10,2.3,,,9.2,,1025.5,
2023-02-05 00:00:00,8,5.8,11,6.7,,,6.9,,1021.9,
2023-02-06 00:00:00,9.8,6.3,11.2,6.4,,,6.1,,1017.4,
2023-02-07 00:00:00,9.6,9,11.2,0.3,,,6.7,,1021.5,
2023-02-08 00:00:00,8.2,7.4,10.4,3.6,,,10.6,,1025.3,
2023-02-09 00:00:00,9,7.4,10,13,,,7,,1020.2,
2023-02-10 00:00:00,8.5,7.3,10.2,6.6,,,11.6,,1021.7,
2023-02-11 00:00:00,9.4,7.4,12,4.3,,,6.9,,1018.5,
2023-02-12 00:00:00,11.5,9.4,14,20.7,,,8.2,,1014.2,
2023-02-13 00:00:00,5.7,3.5,13.8,7.6,,,15.9,,1022.2,
2023-02-14 00:00:00,5.9,3.5,9.4,0,,,14.8,,1028.6,
2023-02-15 00:00:00,5.9,3,10.1,0,,,10.6,,1031.9,
2023-02-16 00:00:00,7.9,1.1,12.3,0,,,7.4,,1030.6,
2023-02-17 00:00:00,10.1,3,16,0,,,5.3,,1023.5,
2023-02-18 00:00:00,14.1,7,23,0,,,8.1,,1019.4,
2023-02-19 00:00:00,9.8,8.1,23.8,0,,,11.7,,1026.3,
2023-02-20 00:00:00,8.1,3,13.9,0,,,8.5,,1029.6,
2023-02-21 00:00:00,6.8,4.8,13.3,0,,,13.4,,1034.6,
2023-02-22 00:00:00,7.9,4.3,11.4,0,,,9.6,,1029.4,
2023-02-23 00:00:00,6.9,6,11.4,5.6,,,9.5,,1024.5,
2023-02-24 00:00:00,6.5,4.7,9,1.2,,,10.6,,1027.8,
2023-02-25 00:00:00,6.1,4.4,11.1,0,,,13.4,,1036.9,
2023-02-26 00:00:00,5.5,0.6,11.1,0,,,9.2,,1039.2,
2023-02-27 00:00:00,7.3,1,14,0,,,8.4,,1033.2,
2023-02-28 00:00:00,10.8,3,20,0,,,5.9,,1025.6,
2023-03-01 00:00:00,11.9,10,18.9,0,,,6,,1025.4,
2023-03-02 00:00:00,9.6,5,16.7,0,,,10.4,,1031.4,
2023-03-03 00:00:00,8.9,4.3,15.5,0,,,7.6,,1027.9,
2023-03-04 00:00:00,11.9,5,20,0,,,6.4,,1026.8,
2023-03-05 00:00:00,13.7,5,23.1,0,,,7.2,,1024.9,
2023-03-06 00:00:00,16,7,25,0,,,6.8,,1021.7,
2023-03-07 00:00:00,17.4,10,27,0,,,5.1,,1019.2,
2023-03-08 00:00:00,17.9,12.6,26.6,0.5,,,8.6,,1018.1,
2023-03-09 00:00:00,19.4,14,26.6,0,,,7.8,,1018.4,
2023-03-10 00:00:00,21.2,13.6,28.7,0,,,6.9,,1017.7,
2023-03-11 00:00:00,21.3,15,28.7,0,,,7.6,,1017.2,
2023-03-12 00:00:00,10.5,9,26.7,1.8,,,18.4,,1026.4,
2023-03-13 00:00:00,10.1,6,16.8,0,,,9.2,,1025.7,
2023-03-14 00:00:00,14.9,5,25,0,,,7.4,,1015.1,
2023-03-15 00:00:00,18.3,12,26,0,,,12.3,,1017.4,
2023-03-16 00:00:00,11.1,9,26.1,0,,,15.3,,1025.7,
2023-03-17 00:00:00,9.2,8,13.3,8.1,,,13.8,,1021.5,
2023-03-18 00:00:00,9.7,7.8,12,0.5,,,9.9,,1023.4,
2023-03-19 00:00:00,10.2,8.8,12,4.8,,,8.7,,1019.8,
2023-03-20 00:00:00,12,9,15,2.4,,,5.4,,1012.7,
2023-03-21 00:00:00,14.1,12.2,16,41.9,,,4,,1008,
2023-03-22 00:00:00,15.5,14,18,2.3,,,6,,1005.9,
2023-03-23 00:00:00,13,11.6,17.5,1.8,,,10.8,,1012,
2023-03-24 00:00:00,9.1,7.1,16.4,6.6,,,10.9,,1020.2,
2023-03-25 00:00:00,8.6,6.9,10.5,0.5,,,6,,1020.9,
2023-03-26 00:00:00,12.1,7.2,18,1.1,,,9.3,,1021.5,
2023-03-27 00:00:00,12.7,8,17.7,0,,,6.9,,1022.7,
2023-03-28 00:00:00,15.2,7.3,20.3,0,,,8.5,,1023.1,
2023-03-29 00:00:00,12.6,11.1,20.3,7.9,,,9.2,,1020.2,
2023-03-30 00:00:00,12.1,10.2,15.1,3,,,9.5,,1018.2,
2023-03-31 00:00:00,13.5,11.4,16,0,,,5.6,,1018,
2023-04-01 00:00:00,15.4,12.7,22.4,0,,,4.6,,1014.6,
2023-04-02 00:00:00,17,11,24,0,,,10.8,,1015.2,
2023-04-03 00:00:00,19.1,12.9,23.6,0.3,,,10.4,,1012.9,
2023-04-04 00:00:00,19.3,17,22,17.1,,,9.5,,1007.4,
2023-04-05 00:00:00,13.9,11.6,18.9,0,,,13.4,,1013.6,
2023-04-06 00:00:00,11.6,10.9,16.6,12.7,,,7,,1016.7,
2023-04-07 00:00:00,14.7,9,20.1,0,,,11.6,,1021.3,
2023-04-08 00:00:00,15.1,9,20,0,,,7.2,,1025,
2023-04-09 00:00:00,16.6,9,24,0,,,6.4,,1018.8,
2023-04-10 00:00:00,20.7,11,30,0,,,8,,1012.4,
2023-04-11 00:00:00,21.6,15.3,29.1,0,,,7.8,,1011.4,
2023-04-12 00:00:00,17,15,25.3,0,,,14.4,,1017.9,
2023-04-13 00:00:00,16.9,12.9,23,2,,,7.7,,1014.2,
2023-04-14 00:00:00,19.5,14,26,6.7,,,8.8,,1008.8,
2023-04-15 00:00:00,20.4,17.8,26.1,0,,,9.2,,1009.3,
2023-04-16 00:00:00,22.4,16,30.7,0,,,10.8,,1006.6,
2023-04-17 00:00:00,24.8,15,36,0,,,6.9,,1008.7,
2023-04-18 00:00:00,25.7,19.8,35.1,2.3,,,9.9,,1008.2,
2023-04-19 00:00:00,21,19,31.8,0.3,,,12.3,,1005.4,
2023-04-20 00:00:00,19,18,26.6,0,,,8.4,,1007.9,
2023-04-21 00:00:00,19.4,15.9,23,0,,,14.2,,1013.5,
2023-04-22 00:00:00,17.2,12.7,23.4,0,,,11.6,,1016.6,
2023-04-23 00:00:00,15,12.9,21.1,14,,,17.7,,1017.9,
2023-04-24 00:00:00,13.9,12.5,16.4,2,,,15,,1020.6,
2023-04-25 00:00:00,14.3,12.6,16,0.4,,,7.2,,1017.4,
2023-04-26 00:00:00,17.7,11.5,22.7,0,,,8,,1018.4,
2023-04-27 00:00:00,20.8,13.7,26.3,0.3,,,8.4,,1016.2,
2023-04-28 00:00:00,21.4,16.6,26.3,7.6,,,5.1,,1013,
2023-04-29 00:00:00,15.6,11.8,24,2.5,,,12,,1014.2,
2023-04-30 00:00:00,18.5,12,25.1,0,,,7.5,,1014.9,
2023-05-01 00:00:00,21.2,12.5,29,0,,,8.1,,1016.6,
2023-05-02 00:00:00,24.2,15.4,29.6,0,,,12.2,,1016,
2023-05-03 00:00:00,25.6,20.3,29.6,0.3,,,8.7,,1011.5,
2023-05-04 00:00:00,27.9,21.4,34,2.2,,,9.8,,1004.1,
2023-05-05 00:00:00,23.8,21.9,33.9,21.8,,,9,,1001.4,
2023-05-06 00:00:00,18.5,14.2,27.4,23.6,,,12,,1006,
2023-05-07 00:00:00,17.6,14.2,22.4,0,,,15.3,,1011.6,
2023-05-08 00:00:00,17.8,15.8,22,0,,,13.6,,1017.5,
2023-05-09 00:00:00,18.5,11.8,24.4,0,,,7.7,,1018.1,
2023-05-10 00:00:00,19.2,14.8,24.4,0,,,8.7,,1017,
2023-05-11 00:00:00,16.9,13.7,23.5,3.3,,,7.1,,1018.4,
2023-05-12 00:00:00,19.6,15,24,0,,,7.5,,1015.9,
2023-05-13 00:00:00,22.3,16.1,28,0,,,8.4,,1012.9,
2023-05-14 00:00:00,24.8,18.7,32,0,,,9.3,,1009.4,
2023-05-15 00:00:00,27.8,18.6,34.1,0,,,9.9,,1008.1,
2023-05-16 00:00:00,26.9,19.4,34.1,9.1,,,12.2,,1007.5,
2023-05-17 00:00:00,21.9,19.4,32.2,39.1,,,6.8,,1005.4,
2023-05-18 00:00:00,22.4,20,25.6,0,,,12,,1006.6,
2023-05-19 00:00:00,21.1,19,26,0,,,7.8,,1010.8,
2023-05-20 00:00:00,22.5,18,28,0,,,6.9,,1009.4,
2023-05-21 00:00:00,24.3,20.8,30,13.2,,,7.5,,1007.3,
2023-05-22 00:00:00,17.1,13.5,30,11.7,,,14.8,,1010.6,
2023-05-23 00:00:00,20.5,13.5,26,0,,,10.5,,1014.3,
2023-05-24 00:00:00,18,16.4,25.8,3.3,,,8,,1012.4,
2023-05-25 00:00:00,23.7,14.9,29.4,0,,,6.6,,1012.7,
2023-05-26 00:00:00,26.2,20,32.1,0.3,,,6.6,,1011.8,
2023-05-27 00:00:00,27.4,22.5,32,0,,,5.7,,1009.8,
2023-05-28 00:00:00,31.6,24.3,37,0,,,9.2,,1008.6,
2023-05-29 00:00:00,31.2,26.1,38,0,,,8.6,,1007.9,
2023-05-30 00:00:00,27.3,25,36.3,0.5,,,10.2,,1007.5,
2023-05-31 00:00:00,24.4,23,30.9,1.5,,,10.5,,1006.9,
2023-06-01 00:00:00,26.5,22,30.6,0,,,8.6,,1004.2,
2023-06-02 00:00:00,28.8,22.7,33.7,0,,,7.5,,1005,
2023-06-03 00:00:00,24.8,23,33.7,0,,,12.5,,1010.8,
2023-06-04 00:00:00,26,21.8,30.2,0,,,10.5,,1010.2,
2023-06-05 00:00:00,23.9,21,30.2,2.3,,,10.5,,1008.1,
2023-06-06 00:00:00,21.9,19.6,29.4,3,,,6.8,,1009.7,
2023-06-07 00:00:00,24.4,21.1,28,29.7,,,3.2,,1008.4,
2023-06-08 00:00:00,25.9,21.2,30.7,5.6,,,6,,1005.4,
2023-06-09 00:00:00,29.6,21.5,34.5,0,,,7.6,,1003.5,
2023-06-10 00:00:00,30.8,24.2,36.2,0,,,7.5,,1000.9,
2023-06-11 00:00:00,27.3,25,36.2,0,,,11.6,,1003,
2023-06-12 00:00:00,26.4,23,32.2,0,,,11.1,,1004.5,
2023-06-13 00:00:00,25.4,22.9,31.2,0,,,9.6,,1003.9,
2023-06-14 00:00:00,27.5,22.9,32.6,0,,,6,,1005.9,
2023-06-15 00:00:00,28,22,33,0,,,7.1,,1008.4,
2023-06-16 00:00:00,26.2,22,32,3.9,,,7.2,,1010.4,
2023-06-17 00:00:00,24,21,27,3.1,,,7.2,,1009.2,
2023-06-18 00:00:00,26.6,24,29,11.1,,,5.6,,1004.9,
2023-06-19 00:00:00,29.4,25,35,7.4,,,6,,1001.9,
2023-06-20 00:00:00,27.3,26,31,24,,,6.3,,1002.8,
2023-06-21 00:00:00,28.3,24.4,32,0,,,7.5,,1005.3,
2023-06-22 00:00:00,27.9,24.7,32,5.6,,,7.5,,1007.4,
2023-06-23 00:00:00,21.1,19.7,31.9,90.7,,,10.5,,1009.3,
2023-06-24 00:00:00,22.9,20,25,57.6,,,4.5,,1006.9,
2023-06-25 00:00:00,26.4,22.9,31,3.4,,,7.5,,1006.7,
2023-06-26 00:00:00,26.8,24.6,29,3.2,,,7.5,,1007.6,
2023-06-27 00:00:00,28.1,24.5,33,0.8,,,9,,1008.9,
2023-06-28 00:00:00,31.2,25.2,36,1,,,9.5,,1007.3,
2023-06-29 00:00:00,32.1,27.4,36,0,,,11.4,,1002.9,
2023-06-30 00:00:00,28.1,25,36.3,42.7,,,11.2,,1001.7,
2023-07-01 00:00:00,29.7,25.5,34,7.1,,,7,,1004.4,
2023-07-02 00:00:00,31,27.1,37,5.9,,,7.5,,1005.3,
2023-07-03 00:00:00,32.6,26.7,36.8,0,,,9.8,,1004.6,
2023-07-04 00:00:00,32.4,28.2,36,0,,,14.7,,1001.6,
2023-07-05 00:00:00,27.2,24.8,35.4,24.4,,,6.4,,1001.6,
2023-07-06 00:00:00,31.3,27,36,0,,,8.7,,1001.7,
2023-07-07 00:00:00,33.2,29,37,0,,,13.8,,1000.5,
2023-07-08 00:00:00,33.5,30.5,37,0,,,10.4,,1002.8,
2023-07-09 00:00:00,31.5,27.8,36.8,0,,,7.7,,1004.3,
2023-07-10 00:00:00,30.8,27.9,37,14.3,,,9.6,,1004.8,
2023-07-11 00:00:00,33.9,26.7,39.5,0,,,7.7,,1004,
2023-07-12 00:00:00,34.9,28.9,39.5,0,,,9,,1003.4,
2023-07-13 00:00:00,33.7,28.9,39.4,0,,,9.9,,1002.8,
2023-07-14 00:00:00,33.7,29,38.7,0,,,10.4,,1001.7,
2023-07-15 00:00:00,31.5,28,38.7,0,,,8.5,,1001.4,
2023-07-16 00:00:00,28,24,38.6,3.8,,,11.4,,1004.6,
2023-07-17 00:00:00,29.5,25.9,34.5,11.7,,,8.4,,1005.9,
2023-07-18 00:00:00,29.9,26,35.1,1.3,,,6.9,,1008.2,
2023-07-19 00:00:00,29.3,26,35.2,17.5,,,7.5,,1008.2,
2023-07-20 00:00:00,28.3,25.8,35.9,4.8,,,6.7,,1007,
2023-07-21 00:00:00,28.9,25.4,35.3,7.4,,,8.1,,1007.1,
2023-07-22 00:00:00,28.5,25,35.3,36.1,,,9.3,,1007.8,
2023-07-23 00:00:00,28.3,25,35.2,18.8,,,6.8,,1007.6,
2023-07-24 00:00:00,30.6,25.9,36.1,0,,,7.2,,1006.8,
2023-07-25 00:00:00,31.7,27.3,36.1,0,,,8.9,,1007.6,
2023-07-26 00:00:00,31.1,28,35.8,0,,,12.2,,1008.8,
2023-07-27 00:00:00,27.4,25.7,35.8,11.4,,,12,,1007.4,
2023-07-28 00:00:00,27.2,25.7,31.6,25.9,,,15.6,,1004.4,
2023-07-29 00:00:00,28.8,26.4,31.5,0,,,13.5,,1004.5,
2023-07-30 00:00:00,29.6,27,32,9,,,11,,1006.6,
2023-07-31 00:00:00,29.9,27.1,35.4,0,,,11.1,,1007.5,
2023-08-01 00:00:00,28.3,25.9,35.4,18.3,,,11,,1006.8,
2023-08-02 00:00:00,30.2,26,34.1,0,,,14,,1005,
2023-08-03 00:00:00,30.3,26.5,34.1,4.8,,,15.3,,1002.2,
2023-08-04 00:00:00,30.2,26.6,34.1,0.7,,,12.6,,1001.3,
2023-08-05 00:00:00,31.6,26.8,37,0,,,9.3,,1000.4,
2023-08-06 00:00:00,32.9,27.2,37.4,0,,,6.1,,998.7,
2023-08-07 00:00:00,30.1,26.2,37.4,25.4,,,8.7,,999.6,
2023-08-08 00:00:00,29.5,26.4,34,0.5,,,7.2,,1001.6,
2023-08-09 00:00:00,30.7,26.8,34.9,0,,,10,,1003.1,
2023-08-10 00:00:00,30.6,25.9,35.7,0,,,9.2,,1004.2,
2023-08-11 00:00:00,31.4,26.2,37,0,,,6.3,,1003.3,
2023-08-12 00:00:00,32.4,26.6,38.3,0,,,8.4,,1001.6,
2023-08-13 00:00:00,32.4,27.3,38.3,0,,,7.4,,1000.6,
2023-08-14 00:00:00,29.9,26,37.8,0,,,9.9,,1002.7,
2023-08-15 00:00:00,27.7,24.6,35.3,14.5,,,7,,1005.1,
2023-08-16 00:00:00,29.8,24.8,35,0.3,,,6.9,,1004.8,
2023-08-17 00:00:00,26.7,22,35.5,0.5,,,7,,1004.1,
2023-08-18 00:00:00,28.2,23.2,35.5,18.8,,,6.5,,1005.4,
2023-08-19 00:00:00,29.3,24.3,34,2,,,8.7,,1007.5,
2023-08-20 00:00:00,29.8,25.2,34.7,0,,,9.5,,1007.9,
2023-08-21 00:00:00,29.6,25.1,35.3,0.3,,,9,,1004.6,
2023-08-22 00:00:00,27.6,24.5,35.3,9.4,,,8.7,,1003,
2023-08-23 00:00:00,28.8,24.3,33.9,0,,,8.5,,1005.2,
2023-08-24 00:00:00,29.7,25.8,34.2,0,,,6,,1007.4,
2023-08-25 00:00:00,29.9,27,34,0.5,,,11.8,,1008.1,
2023-08-26 00:00:00,29.5,27,34,5.5,,,11.7,,1006.5,
2023-08-27 00:00:00,30.6,26.6,35.1,0,,,9.9,,1002.8,
2023-08-28 00:00:00,26.2,21.6,35.1,52.8,,,10.5,,1002.1,
2023-08-29 00:00:00,23.3,21.4,31.5,28.7,,,7.4,,1008.2,
2023-08-30 00:00:00,21.5,19.2,23.8,11.4,,,12.3,,1011.2,
2023-08-31 00:00:00,23.1,19.3,26,1.7,,,7.6,,1011.7,
2023-09-01 00:00:00,26,22,30,0,,,10.5,,1011.2,
2023-09-02 00:00:00,27,22.6,32,0.2,,,12.6,,1009.9,
2023-09-03 00:00:00,27.4,24.1,31.2,0.5,,,9.9,,1009.2,
2023-09-04 00:00:00,29.1,26,33.1,0,,,11.8,,1008.9,
2023-09-05 00:00:00,28.4,27,33.1,0,,,11.4,,1010.2,
2023-09-06 00:00:00,28.2,26,32.1,0,,,9.6,,1011.8,
2023-09-07 00:00:00,28.3,25,33.1,0,,,9.3,,1012.3,
2023-09-08 00:00:00,27.9,22.7,33.2,0,,,9.3,,1011.6,
2023-09-09 00:00:00,27.3,22.7,33.2,0,,,8.1,,1010,
2023-09-10 00:00:00,28.3,22.2,34.2,0,,,7.2,,1008.2,
2023-09-11 00:00:00,29.8,23.5,35.4,0,,,6.9,,1007.1,
2023-09-12 00:00:00,29.4,26.1,35.4,0,,,9,,1007.2,
2023-09-13 00:00:00,26.2,24,33.7,4.8,,,8.5,,1006.8,
2023-09-14 00:00:00,24.5,23.4,31,17.5,,,6.9,,1010.9,
2023-09-15 00:00:00,24.6,23.7,27,32,,,6.4,,1011.5,
2023-09-16 00:00:00,25.4,23,29.9,4.1,,,5.6,,1011.2,
2023-09-17 00:00:00,27.8,23,33.3,0,,,5.7,,1010.9,
2023-09-18 00:00:00,29.8,23.7,35.3,0,,,5.7,,1011.3,
2023-09-19 00:00:00,32.7,25.2,36,0,,,6.2,,1010.3,
2023-09-20 00:00:00,26.5,24,36,6.9,,,12.7,,1009.5,
2023-09-21 00:00:00,22.9,22,24,7,,,11.7,,1014.3,
2023-09-22 00:00:00,21.3,21,23,6.6,,,11.8,,1015.6,
2023-09-23 00:00:00,20.7,20,22,3.8,,,12,,1016.5,
2023-09-24 00:00:00,23.9,21,28,0,,,5.9,,1014.4,
2023-09-25 00:00:00,26.9,23,31,0.1,,,6.9,,1013.5,
2023-09-26 00:00:00,26.8,23.5,31,0,,,6.9,,1014.2,
2023-09-27 00:00:00,28.3,24.4,33.3,0,,,6.8,,1013.1,
2023-09-28 00:00:00,27.8,25.4,33.3,0,,,10.2,,1014.5,
2023-09-29 00:00:00,28.4,25,34,0.5,,,6.9,,1013.3,
2023-09-30 00:00:00,23.4,23,33.6,0.3,,,11.3,,1013,
2023-10-01 00:00:00,24.2,22,28,0.1,,,12,,1015.7,
2023-10-02 00:00:00,23.1,19,27,0,,,11.4,,1016.6,
2023-10-03 00:00:00,23.4,20,27,0,,,8.2,,1014,
2023-10-04 00:00:00,23.2,18.9,26.8,0,,,12.2,,1015.2,
2023-10-05 00:00:00,22.2,19,27,0.4,,,16.3,,1018,
2023-10-06 00:00:00,20.4,17.1,25.7,0.8,,,14.2,,1019.1,
2023-10-07 00:00:00,17.8,16,22.4,6.9,,,10,,1019.7,
2023-10-08 00:00:00,19.9,16,22.6,1,,,10.4,,1020.4,
2023-10-09 00:00:00,19.1,16.3,22.6,0.8,,,7.2,,1022,
2023-10-10 00:00:00,20.8,16.7,25,2.5,,,9.9,,1022.8,
2023-10-11 00:00:00,20.2,16.6,25,5.8,,,9.3,,1023.5,
2023-10-12 00:00:00,21.3,15.9,25,0,,,8.2,,1022.8,
2023-10-13 00:00:00,19.1,17.8,25.3,0.5,,,7.5,,1018.5,
2023-10-14 00:00:00,19,16,24.7,0,,,6.6,,1015.5,
2023-10-15 00:00:00,20.5,14.7,27,0,,,7.2,,1015.8,
2023-10-16 00:00:00,19.9,15,27.7,0,,,7.4,,1019.2,
2023-10-17 00:00:00,20,13,27,0,,,7.8,,1020.6,
2023-10-18 00:00:00,21,14,29,0,,,5.9,,1018.2,
2023-10-19 00:00:00,22.1,16.7,29,0,,,7.4,,1016.3,
2023-10-20 00:00:00,16.2,10.6,28.1,0,,,13.8,,1022.8,
2023-10-21 00:00:00,16.5,10.6,22.2,0,,,6.8,,1025.4,
2023-10-22 00:00:00,17.7,12,24,0,,,4.4,,1023,
2023-10-23 00:00:00,20,14.8,27,0,,,5.1,,1020.7,
2023-10-24 00:00:00,22.4,16.1,28.6,0,,,6.3,,1018.2,
2023-10-25 00:00:00,22.8,17.6,28.6,0,,,3.5,,1017.3,
2023-10-26 00:00:00,22.4,19,27,0,,,3.8,,1016.6,
2023-10-27 00:00:00,21.2,17.8,27.2,0,,,6.8,,1017.9,
2023-10-28 00:00:00,20.8,18,26,0,,,8.2,,1018.7,
2023-10-29 00:00:00,20.3,16,26,0,,,6.9,,1019.2,
2023-10-30 00:00:00,20.4,15,27.1,0,,,5.1,,1020.5,
2023-10-31 00:00:00,20.7,15,28.7,0,,,5.6,,1021.6,
2023-11-01 00:00:00,21.6,14,29.5,0,,,6.6,,1019.9,
2023-11-02 00:00:00,21.8,15.1,29.5,0,,,6.6,,1015.9,
2023-11-03 00:00:00,22,17,28.1,0,,,6.2,,1014.2,
2023-11-04 00:00:00,23.5,18,30,0,,,6.2,,1014.5,
2023-11-05 00:00:00,24.1,16.4,31.5,7.6,,,10.5,,1011.7,
2023-11-06 00:00:00,15.9,12.3,31.5,0,,,15,,1020.2,
2023-11-07 00:00:00,15.1,9,20.8,0,,,6,,1023.1,
2023-11-08 00:00:00,15.7,10,21,0.5,,,6.4,,1018.4,
2023-11-09 00:00:00,17.6,15,22,7.5,,,7.2,,1017.8,
2023-11-10 00:00:00,13.1,11,20.9,4.8,,,15.6,,1025.2,
2023-11-11 00:00:00,13,11.2,15,1.5,,,9.9,,1028,
2023-11-12 00:00:00,9.2,4.8,14,1,,,13.1,,1031.6,
2023-11-13 00:00:00,9,4.8,12.3,0,,,10.8,,1033.5,
2023-11-14 00:00:00,10.8,8,16.4,0,,,5.4,,1028.7,
2023-11-15 00:00:00,11.7,6,17.6,0,,,4.7,,1027.4,
2023-11-16 00:00:00,11.2,9.9,17.6,2.8,,,14.6,,1027.6,
2023-11-17 00:00:00,12,5,18,0,,,12.9,,1026.2,
2023-11-18 00:00:00,9.7,7,17.8,0,,,6.8,,1027.3,
2023-11-19 00:00:00,12.2,6.2,21.2,0,,,6.3,,1022.6,
2023-11-20 00:00:00,13.6,7.4,21.3,0,,,6.2,,1023,
2023-11-21 00:00:00,14.6,8,24,0,,,4.4,,1019.4,
2023-11-22 00:00:00,15.9,7,25,0,,,7,,1015.9,
2023-11-23 00:00:00,16.1,8.5,24.8,0,,,11.6,,1019.8,
2023-11-24 00:00:00,9.8,8.4,24,0,,,13.1,,1030.3,
2023-11-25 00:00:00,11.6,5.2,16.7,0,,,8,,1029.4,
2023-11-26 00:00:00,13.4,8,16.7,0,,,4.5,,1023.3,
2023-11-27 00:00:00,13.8,11,20.8,0,,,4,,1020.6,
2023-11-28 00:00:00,12.9,8,20.8,0,,,6.4,,1023.6,
2023-11-29 00:00:00,15.4,8.7,23.1,0,,,11,,1022.7,
2023-11-30 00:00:00,8.6,7.7,23.1,0,,,15.9,,1031.4,
2023-12-01 00:00:00,6.2,5.4,11.2,0,,,12.8,,1032.1,
2023-12-02 00:00:00,7.6,3,14,0,,,4,,1028.8,
2023-12-03 00:00:00,9.1,5,15,0,,,5.1,,1027.3,
2023-12-04 00:00:00,7.6,6,14.5,1.3,,,5.9,,1021.2,
2023-12-05 00:00:00,9.8,4,16.2,0,,,8.1,,1018.6,
2023-12-06 00:00:00,12.4,7,20,0,,,10,,1018.4,
2023-12-07 00:00:00,12.5,5,21,0,,,8.8,,1018.2,
2023-12-08 00:00:00,17.3,8.6,24.2,0,,,8,,1014.8,
2023-12-09 00:00:00,18.6,13,25,0.2,,,7.5,,1014.6,
2023-12-10 00:00:00,15.6,14,25.2,1,,,6.3,,1015.9,
2023-12-11 00:00:00,9.2,6.9,19.5,15.5,,,14.1,,1018.6,
2023-12-12 00:00:00,6.9,5.7,13.1,0,,,13.6,,1026.7,
2023-12-13 00:00:00,10,6,15,0,,,5.9,,1024,
2023-12-14 00:00:00,17.2,10,27,0,,,6.3,,1017.4,
2023-12-15 00:00:00,8.3,2.8,15.5,7.7,,,17.1,,1021.5,
2023-12-16 00:00:00,1.1,0.1,9.6,0,,,18,,1035.7,
2023-12-17 00:00:00,1.6,-1.6,2.7,0,,,13.6,,1037.9,
2023-12-18 00:00:00,1.6,0.4,3,9.8,,,7.4,,1032,
2023-12-19 00:00:00,2.6,0.3,3.1,0.3,,,10.5,,1031.3,
2023-12-20 00:00:00,1.3,-0.5,5,0,,,15.3,,1035,
2023-12-21 00:00:00,-1.9,-3.4,5,0,,,16.2,,1040.2,
2023-12-22 00:00:00,-2.4,-5,1.7,0,,,12.6,,1042.9,
2023-12-23 00:00:00,-0.2,-6,5,0,,,5.2,,1038.9,
2023-12-24 00:00:00,2.7,-3.1,9.6,0,,,6,,1036.6,
2023-12-25 00:00:00,3.3,-2,10,0,,,4.5,,1033.5,
2023-12-26 00:00:00,4.5,-2,12,0,,,4.2,,1029.3,
2023-12-27 00:00:00,8.2,1.1,15,0,,,5.8,,1028.2,
2023-12-28 00:00:00,9.3,3.4,15,0,,,5.9,,1028.3,
2023-12-29 00:00:00,8,4.7,14.4,0,,,5.4,,1026.1,
2023-12-30 00:00:00,10,6.9,17,0,,,5.4,,1018.5,
2023-12-31 00:00:00,7.8,4,16.2,0,,,12.3,,1026,
2024-01-01 00:00:00,4.9,4,14.6,0,,,6.9,,1028.6,
2024-01-02 00:00:00,7.9,1.4,12,4.6,,,6.1,,1023.5,
2024-01-03 00:00:00,5.7,4.4,12,0,,,10.2,,1026.4,
2024-01-04 00:00:00,6.4,0,15,0,,,4.2,,1024,
2024-01-05 00:00:00,10.6,4,17,0,,,5.7,,1021.8,
2024-01-06 00:00:00,10.7,5.9,17.4,0,,,5.8,,1024.4,
2024-01-07 00:00:00,6.8,4,16.3,0,,,10.6,,1029.7,
2024-01-08 00:00:00,6.7,4,10.3,0,,,7,,1025,
2024-01-09 00:00:00,10.4,4.7,15.1,0,,,5,,1020.6,
2024-01-10 00:00:00,4.8,2,15.1,0,,,13.6,,1026.2,
2024-01-11 00:00:00,6,0,14,0,,,6.3,,1023,
2024-01-12 00:00:00,10.2,2,20,0,,,6,,1020.3,
2024-01-13 00:00:00,10.4,4,19.7,0,,,6.3,,1022.9,
2024-01-14 00:00:00,12.9,4,22.1,0,,,10.9,,1022.8,
2024-01-15 00:00:00,6.1,4,22.6,0,,,12.3,,1031.3,
2024-01-16 00:00:00,7.4,3,13,0,,,9.3,,1029.2,
2024-01-17 00:00:00,11.8,4,22,0,,,6.8,,1022.5,
2024-01-18 00:00:00,9.3,7,20.8,6.1,,,9.9,,1022.9,
2024-01-19 00:00:00,8.8,7.1,10,7.2,,,9,,1022.7,
2024-01-20 00:00:00,5.4,4.2,9.4,4.6,,,12.8,,1024.6,
2024-01-21 00:00:00,4.1,2.8,6.7,0,,,16,,1030.9,
2024-01-22 00:00:00,-0.8,-4.2,6,0,,,20.7,,1037.5,
2024-01-23 00:00:00,-1,-4.8,2.7,0,,,17.6,,1038.7,
2024-01-24 00:00:00,2.2,-4.8,5.7,0,,,11.6,,1036.2,
2024-01-25 00:00:00,3,-2.6,8.5,0,,,6.8,,1033.9,
2024-01-26 00:00:00,4.9,-0.8,8.5,0,,,7.2,,1032.7,
2024-01-27 00:00:00,3.7,1,8.2,0,,,3.6,,1031.4,
2024-01-28 00:00:00,6.3,-0.9,11.8,0,,,5.9,,1032.1,
2024-01-29 00:00:00,7.9,0.9,11.8,4.1,,,4.8,,1028.2,
2024-01-30 00:00:00,10.3,6.5,17,3.7,,,4.8,,1023.5,
2024-01-31 00:00:00,12.3,7,15.2,5.6,,,5.7,,1020.1,
2024-02-01 00:00:00,7.3,3.8,14.9,42.9,,,14.6,,1023.1,
2024-02-02 00:00:00,4.7,3.5,9.7,4.8,,,12,,1027.8,
2024-02-03 00:00:00,4.6,3.9,5,7.8,,,12.2,,1026.8,
2024-02-04 00:00:00,4.3,3.5,5,12.5,,,8.7,,1024,
2024-02-05 00:00:00,2.8,2,5.2,0.8,,,14.2,,1028.2,
2024-02-06 00:00:00,1.3,0.4,5.2,11.7,1,,9.2,,1029.8,
2024-02-07 00:00:00,2.5,0.5,4,0,,,9,,1028.2,
2024-02-08 00:00:00,3.4,1.2,7.3,0,,,8,,1026.6,
2024-02-09 00:00:00,5.1,-0.2,11.4,0,,,6.3,,1027.5,
2024-02-10 00:00:00,7.8,0,16,0,,,7.5,,1027.5,
2024-02-11 00:00:00,9.9,4,17.6,0,,,6.8,,1029.5,
2024-02-12 00:00:00,11.6,3,21,0,,,7.8,,1027,
2024-02-13 00:00:00,14.6,8,22,0.9,,,11.2,,1022.5,
2024-02-14 00:00:00,17.3,11,25,2.6,,,7.4,,1019,
2024-02-15 00:00:00,9.8,5.7,15,10.3,,,12.9,,1024.2,
2024-02-16 00:00:00,7.6,4.5,15.4,0,,,8.1,,1025.9,
2024-02-17 00:00:00,11.6,4,20,0,,,5,,1016.4,
2024-02-18 00:00:00,18,11,26,0,,,8.2,,1010.5,
2024-02-19 00:00:00,18,10.2,26,6.6,,,12,,1013.9,
2024-02-20 00:00:00,9.3,8.5,25.5,1.8,,,12.6,,1018.6,
2024-02-21 00:00:00,4.4,1.2,10.1,73.2,,,15.2,,1019.9,
2024-02-22 00:00:00,1.5,0,8.8,18.8,,,15.8,,1029.2,
2024-02-23 00:00:00,1,-0.1,2.4,2.8,,,12.4,,1032.2,
2024-02-24 00:00:00,1.1,0.3,2,1.9,,,9.9,,1030.1,
2024-02-25 00:00:00,2.1,-0.2,3.4,0,,,14,,1030.3,
2024-02-26 00:00:00,3.6,1.5,5,0,,,8.1,,1030.5,
2024-02-27 00:00:00,7,2.4,10.4,0,,,7.5,,1028.6,
2024-02-28 00:00:00,6,3.9,10.4,16.5,,,6.8,,1024.2,
2024-02-29 00:00:00,5.8,4.4,7,13,,,11.3,,1023.9,
2024-03-01 00:00:00,4.7,3.1,6.4,0.6,,,12.9,,1030.3,
2024-03-02 00:00:00,5.7,-0.8,11.5,0,,,6.2,,1025.9,
2024-03-03 00:00:00,8.6,1,16,0,,,7.8,,1020.2,
2024-03-04 00:00:00,12.2,9.3,16,17,,,6.4,,1012.4,
2024-03-05 00:00:00,10.3,8.9,13.6,18.3,,,9.9,,1009.9,
2024-03-06 00:00:00,7.6,6.3,12.9,0,,,14.2,,1019.9,
2024-03-07 00:00:00,9.5,3.7,14.7,0,,,5.6,,1022.6,
2024-03-08 00:00:00,9.2,5,15.2,0,,,12,,1024.8,
2024-03-09 00:00:00,9.5,3.4,15.2,0,,,7.2,,1025.9,
2024-03-10 00:00:00,10.3,4,17,0,,,9.5,,1025.8,
2024-03-11 00:00:00,11.9,9,18.2,1.8,,,6.9,,1019.4,
2024-03-12 00:00:00,13.1,7,20,0,,,14.4,,1021.6,
2024-03-13 00:00:00,10.6,5,18,0,,,8,,1023.1,
2024-03-14 00:00:00,12.5,10,15,0,,,4.2,,1020.9,
2024-03-15 00:00:00,15.1,8.1,18.5,0,,,6.6,,1021.4,
2024-03-16 00:00:00,17.9,13,23,0.2,,,7.4,,1018.1,
2024-03-17 00:00:00,12.8,7.8,23.6,1.8,,,12.5,,1020.6,
2024-03-18 00:00:00,9.2,6.9,16.9,2.8,,,7.8,,1023.3,
2024-03-19 00:00:00,13.3,6,20.3,0,,,10.4,,1024.6,
2024-03-20 00:00:00,13.9,6,20.2,0,,,7.8,,1026.1,
2024-03-21 00:00:00,17.4,7,24.1,0,,,7.6,,1016.7,
2024-03-22 00:00:00,21,14.7,28,0,,,11.4,,1009,
2024-03-23 00:00:00,21.4,17,27,0.3,,,5.1,,1009.1,
2024-03-24 00:00:00,22.7,19,29,0.6,,,8.1,,1010.9,
2024-03-25 00:00:00,15.8,11,28.1,4.3,,,14.2,,1011.8,
2024-03-26 00:00:00,13.4,10,24.4,0,,,13.3,,1023.8,
2024-03-27 00:00:00,17.6,10.6,22,0,,,9.9,,1018.2,
2024-03-28 00:00:00,15,12,18,35.7,,,10.5,,1011.6,
2024-03-29 00:00:00,20.7,12,30,0,,,12.1,,1011.1,
2024-03-30 00:00:00,23.8,16,32,0,,,8.3,,1009.6,
2024-03-31 00:00:00,18.9,16,24,8.3,,,10.8,,1009.5,
2024-04-01 00:00:00,18.5,15.3,30,5.3,,,12.8,,1011,
2024-04-02 00:00:00,20.9,17.1,30,7.4,,,10.6,,1004,
2024-04-03 00:00:00,17.6,16.4,23,3.8,,,12.6,,1008.4,
2024-04-04 00:00:00,13.1,10.8,22.8,3.6,,,9,,1017.4,
2024-04-05 00:00:00,15.3,10.8,20.5,4.3,,,9.2,,1018.7,
2024-04-06 00:00:00,13.6,11.1,20.5,6.1,,,7.7,,1018.2,
2024-04-07 00:00:00,13.9,13,15,13.8,,,10.2,,1015.7,
2024-04-08 00:00:00,13.6,11.8,15,5.6,,,8.2,,1016.8,
2024-04-09 00:00:00,16.1,9,23,0,,,6.2,,1022.3,
2024-04-10 00:00:00,18.7,11.5,24.2,0,,,9.8,,1020.1,
2024-04-11 00:00:00,19.6,16,25,2,,,6,,1016.5,
2024-04-12 00:00:00,18.9,16.6,24.7,0.5,,,4.8,,1013.4,
2024-04-13 00:00:00,19.2,16.7,24.3,13.5,,,9.8,,1013.6,
2024-04-14 00:00:00,21.3,17.4,27,16.4,,,8.7,,1009.3,
2024-04-15 00:00:00,23.9,19,30,0,,,7.5,,1011.5,
2024-04-16 00:00:00,20.9,18.9,29.5,3.6,,,8.5,,1011.5,
2024-04-17 00:00:00,15.8,15.6,26.7,13.5,,,12,,1010.4,
2024-04-18 00:00:00,18.9,13,26,0,,,7.7,,1013,
2024-04-19 00:00:00,20,14.7,25.1,2,,,8.4,,1007.5,
2024-04-20 00:00:00,20.5,17.2,25,3.3,,,8,,1006.4,
2024-04-21 00:00:00,18.7,15.3,24.3,16,,,5.7,,1011.1,
2024-04-22 00:00:00,17,15.3,22,5.1,,,8.6,,1010.7,
2024-04-23 00:00:00,17.9,14.8,21,6.9,,,7.4,,1009.5,
2024-04-24 00:00:00,21.3,14.8,27,0,,,8,,1012.2,
2024-04-25 00:00:00,19.9,16.6,26.8,0.3,,,7.5,,1008.8,
2024-04-26 00:00:00,20.1,17,27,0,,,8.6,,1006,
2024-04-27 00:00:00,19.6,17,27,0.3,,,10.8,,1009.1,
2024-04-28 00:00:00,21.6,18,26,8.3,,,7.4,,1007.3,
2024-04-29 00:00:00,21.6,18,26.5,3.6,,,9.9,,1008.5,
2024-04-30 00:00:00,15.1,13,26.5,40.9,,,15.6,,1008.7,
2024-05-01 00:00:00,16.8,12,21,1.4,,,10.5,,1014.2,
2024-05-02 00:00:00,17.9,13,23,0,,,8.4,,1017.1,
2024-05-03 00:00:00,18.6,15,23,0,,,11.7,,1016.5,
2024-05-04 00:00:00,18.7,15.2,22.8,12.4,,,7.4,,1010.9,
2024-05-05 00:00:00,20.2,18,22.3,14.6,,,7.7,,1008.7,
2024-05-06 00:00:00,22.7,17.7,27.9,0.3,,,5.1,,1012.7,
2024-05-07 00:00:00,22,17.7,28.4,0,,,5.9,,1015.5,
2024-05-08 00:00:00,20.2,17,28.4,0,,,11.6,,1018.3,
2024-05-09 00:00:00,19.5,14.1,26.7,0,,,9,,1018.9,
2024-05-10 00:00:00,23.1,15,30,0,,,8,,1014,
2024-05-11 00:00:00,22.2,19.5,30.8,37.1,,,7.5,,1011.4,
2024-05-12 00:00:00,17.7,13.4,26.3,16,,,10.2,,1013.9,
2024-05-13 00:00:00,20.4,13.4,27,0,,,6.6,,1016.4,
2024-05-14 00:00:00,21.6,13.6,29.1,0,,,7.5,,1015.1,
2024-05-15 00:00:00,20.7,15.3,29.1,0,,,13.6,,1017.5,
2024-05-16 00:00:00,21.9,13.3,29.1,0,,,10,,1017.1,
2024-05-17 00:00:00,25.1,16.4,34,0,,,8.1,,1010.6,
2024-05-18 00:00:00,26.4,20,32.5,0,,,10.4,,1010.2,
2024-05-19 00:00:00,24.5,20,32.9,0,,,11.7,,1010.1,
2024-05-20 00:00:00,25.3,21.2,29.8,0,,,9.2,,1011.4,
2024-05-21 00:00:00,23.4,22,29.5,0,,,13.1,,1013.8,
2024-05-22 00:00:00,23,21,27.8,0,,,9,,1013.2,
2024-05-23 00:00:00,25.1,20.4,31.3,0,,,9.3,,1009.4,
2024-05-24 00:00:00,25.7,21.8,32,0,,,10.4,,1010.2,
2024-05-25 00:00:00,27.7,22.8,32.2,0,,,8.4,,1009.7,
2024-05-26 00:00:00,28.1,23.7,35.5,0.5,,,10.6,,1004.5,
2024-05-27 00:00:00,19.3,15.2,35.5,19.1,,,14.6,,1004.7,
2024-05-28 00:00:00,22.2,15.2,28,0,,,10.5,,1009.5,
2024-05-29 00:00:00,22.9,15.9,28,0,,,9.6,,1010.6,
2024-05-30 00:00:00,23.3,19,30,2.3,,,8.6,,1008,
2024-05-31 00:00:00,19.5,16.9,28.7,24.4,,,6.5,,1011.9,
2024-06-01 00:00:00,20.7,17.1,24,4.6,,,6.6,,1014.5,
2024-06-02 00:00:00,23.3,18,28.1,0.3,,,11.7,,1012.2,
2024-06-03 00:00:00,24.8,19.6,31,0,,,6.7,,1011.1,
2024-06-04 00:00:00,25.1,20.5,29,0,,,8.3,,1012.8,
2024-06-05 00:00:00,18.8,16.7,29.6,16.5,,,8.8,,1014.9,
2024-06-06 00:00:00,19.2,16.7,22,3.5,,,8.7,,1014.5,
2024-06-07 00:00:00,23.4,17.8,27.4,0,,,6.9,,1010.5,
2024-06-08 00:00:00,25.6,20.5,30.5,0,,,6.6,,1007.9,
2024-06-09 00:00:00,25.1,23,30.7,18.3,,,6.4,,1008.9,
2024-06-10 00:00:00,21.9,19.6,28.6,31.5,,,7.8,,1008,
2024-06-11 00:00:00,24.3,19.6,27.7,10.4,,,5.3,,1005.3,
2024-06-12 00:00:00,25.8,21.9,30.1,2,,,6.9,,1003.5,
2024-06-13 00:00:00,27.3,22,33.5,0,,,9.4,,1002.9,
2024-06-14 00:00:00,28.1,23.1,34.7,0,,,8,,1001.3,
2024-06-15 00:00:00,28.4,24,34.7,0,,,7.6,,1003,
2024-06-16 00:00:00,27.6,23.7,34.3,0.5,,,13,,1006.2,
2024-06-17 00:00:00,24.4,22,33.7,0.5,,,9.5,,1007.1,
2024-06-18 00:00:00,26.7,20.8,31.8,1,,,11.2,,1006.6,
2024-06-19 00:00:00,25.3,23.1,31.8,53.3,,,6.2,,1003.9,
2024-06-20 00:00:00,26.1,24.2,29,26.5,,,7.9,,1001.5,
2024-06-21 00:00:00,28.7,24.7,32.1,4.4,,,6.6,,1001.6,
2024-06-22 00:00:00,30.4,27.2,36,0.7,,,9.8,,1000.3,
2024-06-23 00:00:00,21.7,19.2,34.6,96.3,,,8.1,,1004.2,
2024-06-24 00:00:00,23.1,20.7,25,25.5,,,8.8,,1007.1,
2024-06-25 00:00:00,21.4,20,23,127.6,,,5.6,,1011.7,
2024-06-26 00:00:00,23.5,21.6,26,105.4,,,5.5,,1012,
2024-06-27 00:00:00,24.3,23.1,25,35.7,,,4.8,,1010.5,
2024-06-28 00:00:00,25.2,23.5,28,22.6,,,6.1,,1007.5,
2024-06-29 00:00:00,28.5,24,34,9.9,,,7.4,,1001.5,
2024-06-30 00:00:00,27.4,25,33,11.2,,,4.6,,1001.3,
2024-07-01 00:00:00,27.2,25.5,29,6.6,,,4.8,,1001.5,
2024-07-02 00:00:00,30.3,25.5,37,0,,,11.2,,1000.7,
2024-07-03 00:00:00,31.7,25.7,38,0,,,7.6,,1009,
2024-07-04 00:00:00,33.3,27.1,39,0,,,11,,1007.8,
2024-07-05 00:00:00,33.9,27.6,39,0,,,9.8,,1005.2,
2024-07-06 00:00:00,34.5,29.1,39,0,,,10.2,,1004.2,
2024-07-07 00:00:00,34.5,28.2,40,0,,,9.4,,1004.6,
2024-07-08 00:00:00,34.8,29.7,39.1,0,,,11.3,,1003.4,
2024-07-09 00:00:00,33.3,29.7,38.1,0,,,12.1,,1003.5,
2024-07-10 00:00:00,32.9,29,38,0.9,,,13.1,,1003.7,
2024-07-11 00:00:00,29.4,26.6,36.8,9.1,,,9.6,,1002.5,
2024-07-12 00:00:00,27.2,26,34.3,1,,,8.9,,1001.7,
2024-07-13 00:00:00,27.9,25.1,30.5,2,,,7,,1001.9,
2024-07-14 00:00:00,29.1,26,33,3.3,,,7.2,,1007.1,
2024-07-15 00:00:00,30.9,26.7,36,0,,,6.5,,1008.6,
2024-07-16 00:00:00,33.1,27.5,38,0,,,9.3,,1007.7,
2024-07-17 00:00:00,33.1,28.8,37.9,0,,,9.2,,1006.4,
2024-07-18 00:00:00,34,29,40,0,,,11.9,,1005.3,
2024-07-19 00:00:00,34.8,29.7,39.4,0,,,9.5,,1004.8,
2024-07-20 00:00:00,34.8,30.2,39.3,0,,,10.6,,1005.5,
2024-07-21 00:00:00,34.9,30.7,40,0,,,8,,1005.7,
2024-07-22 00:00:00,34.9,31,40.4,0,,,11.2,,1003.8,
2024-07-23 00:00:00,34.3,29.9,40.4,0,,,10.6,,1001,
2024-07-24 00:00:00,32.4,28.8,39.9,0,,,15,,998.9,
2024-07-25 00:00:00,30.9,27.7,37.6,0.5,,,19.2,,995.9,
2024-07-26 00:00:00,28.5,26,34.9,11.2,,,16.2,,995.7,
2024-07-27 00:00:00,31.8,26.5,35.7,0.5,,,17.3,,1001.8,
2024-07-28 00:00:00,33,28.7,37,0,,,14.8,,1007.4,
2024-07-29 00:00:00,33.2,28.6,38,0,,,11.1,,1007.6,
2024-07-30 00:00:00,33.7,29.6,38.1,0,,,11.9,,1005.6,
2024-07-31 00:00:00,34.7,30.1,40.1,0,,,11.1,,1003.9,
2024-08-01 00:00:00,35.2,30,40.1,0.1,,,11.7,,1003.2,
2024-08-02 00:00:00,35.4,30,40,0.3,,,9.3,,1003.7,
2024-08-03 00:00:00,35.9,31,41.9,0,,,8.1,,1005.4,
2024-08-04 00:00:00,32.5,28,42,0.2,,,8.3,,1005.7,
2024-08-05 00:00:00,32.7,26.7,41.2,1.8,,,8.2,,1004.9,
2024-08-06 00:00:00,33.3,26.6,40.5,0,,,9.1,,1004.4,
2024-08-07 00:00:00,33.3,27.9,39.8,0,,,8.4,,1004.2,
2024-08-08 00:00:00,33.9,27.9,40.8,0,,,9.3,,1003.5,
2024-08-09 00:00:00,34.3,28.4,41.2,0,,,8.4,,1001.9,
2024-08-10 00:00:00,34.3,30,41.2,0,,,7.7,,1000.2,
2024-08-11 00:00:00,33.3,28,41.7,0,,,8.7,,999.2,
2024-08-12 00:00:00,30.4,26.4,41.7,1,,,10.8,,1001.4,
2024-08-13 00:00:00,30.2,25.1,39.1,12.2,,,9,,1005,
2024-08-14 00:00:00,31.1,25.1,37.6,1,,,9.1,,1006,
2024-08-15 00:00:00,30.9,25.9,36.3,1.5,,,10.5,,1005.7,
2024-08-16 00:00:00,31.6,25.9,36.3,0,,,11.8,,1006.2,
2024-08-17 00:00:00,31.9,27.3,36.3,0,,,10.8,,1007.5,
2024-08-18 00:00:00,31.8,28,36,0.3,,,9.8,,1005.7,
2024-08-19 00:00:00,31.8,28.6,36,1.1,,,9.3,,1003.1,
2024-08-20 00:00:00,29.9,26,38.5,8.4,,,8.7,,1003.6,
2024-08-21 00:00:00,29.1,25.9,38.5,14.5,,,7.5,,1004.6,
2024-08-22 00:00:00,30.7,26,36,0,,,6.9,,1006.7,
2024-08-23 00:00:00,32.2,26.5,38.5,0,,,7.8,,1007.8,
2024-08-24 00:00:00,32.2,27.1,38.5,0,,,7.9,,1008.1,
2024-08-25 00:00:00,31.8,27.7,38.3,0,,,9.3,,1006.8,
2024-08-26 00:00:00,32.9,28.2,39,0,,,6.3,,1004.1,
2024-08-27 00:00:00,29.4,26,39,11.9,,,9.5,,1002.5,
2024-08-28 00:00:00,27.4,24.9,37.3,6.1,,,7.8,,1004.5,
2024-08-29 00:00:00,29.1,26.5,33,,,,8.2,,1006.4,
2024-08-30 00:00:00,31.5,26.1,36.2,7.6,,,6.9,,1007.3,
2024-08-31 00:00:00,32,27.3,37.4,0,,,8.5,,1007.6,
2024-09-01 00:00:00,33,28.1,38.8,,,,6.8,,1006.6,
2024-09-02 00:00:00,32.7,28.9,38.8,,,,6.9,,1006.3,
2024-09-03 00:00:00,30.1,28,38.2,,,,13.6,,1007,
2024-09-04 00:00:00,30.8,28,36,,,,9.4,,1005.8,
2024-09-05 00:00:00,31,27,36.6,0,,,10.7,,1006,
2024-09-06 00:00:00,30.5,26,36.6,0,,,12.3,,1009.5,
2024-09-07 00:00:00,30.8,27,35.4,0,,,10.7,,1011.6,
2024-09-08 00:00:00,30.6,27,35.4,0.5,,,12.1,,1011.2,
2024-09-09 00:00:00,31,27.5,36,0,,,11.1,,1009.7,
2024-09-10 00:00:00,27.4,24.2,35.2,55.4,,,12.3,,1009,
2024-09-11 00:00:00,27.6,24.1,31.4,3.3,,,8.1,,1007.1,
2024-09-12 00:00:00,31,25.2,35.4,0,,,8.3,,1008.4,
2024-09-13 00:00:00,31.4,26.7,36.3,0,,,10.9,,1006.7,
2024-09-14 00:00:00,29.7,26.4,36.3,0,,,9,,1004.5,
2024-09-15 00:00:00,29.2,27,33.8,3.3,,,13.8,,1005.5,
2024-09-16 00:00:00,26.9,25.2,31.9,26.9,,,17.2,,1005.1,
2024-09-17 00:00:00,29.5,25.3,35,2.6,,,8.8,,1009.4,
2024-09-18 00:00:00,29.4,26,34,0.8,,,12.3,,1009.2,
2024-09-19 00:00:00,28.4,27,33.1,11.4,,,14.2,,1005,
2024-09-20 00:00:00,29.7,26.2,34.3,4.8,,,6.8,,1003.8,
2024-09-21 00:00:00,23.8,20.6,34.3,4.3,,,14.8,,1009.2,
2024-09-22 00:00:00,23.1,19.7,26.5,0,,,19.3,,1015.5,
2024-09-23 00:00:00,21.6,19.1,25.6,0,,,11,,1016.7,
2024-09-24 00:00:00,22.5,20.9,25,0.7,,,7.5,,1013.9,
2024-09-25 00:00:00,24.7,20.9,27.8,0,,,5.6,,1012.9,
2024-09-26 00:00:00,24.9,23.4,29,0,,,5.6,,1012.8,
2024-09-27 00:00:00,25.7,22.9,30,4.9,,,8.2,,1012.8,
2024-09-28 00:00:00,25.4,21.9,30,0,,,10.5,,1014.4,
2024-09-29 00:00:00,26.6,23,32,0.3,,,11.1,,1013.7,
2024-09-30 00:00:00,27.8,24.7,32,1,,,9.6,,1011.5,
2024-10-01 00:00:00,21.2,18.9,31.3,1,,,14.8,,1014.7,
2024-10-02 00:00:00,21.2,19.1,24,0,,,18.3,,1019.9,
2024-10-03 00:00:00,20.1,16.3,24,0,,,15.4,,1021.8,
2024-10-04 00:00:00,20.7,15.7,25,0,,,12.8,,1022,
2024-10-05 00:00:00,20.3,17.9,24.5,9.7,,,12.3,,1019.5,
2024-10-06 00:00:00,20,19.2,21,14.8,,,9.5,,1018.8,
2024-10-07 00:00:00,18.3,15.9,20.8,4.3,,,12.8,,1020.4,
2024-10-08 00:00:00,18.8,15.9,23,6.3,,,10.4,,1020.8,
2024-10-09 00:00:00,18.2,15,23.9,0,,,5.9,,1017.8,
2024-10-10 00:00:00,20.3,13.2,25.1,0,,,6,,1016.8,
2024-10-11 00:00:00,20.8,15,26,0,,,6.8,,1018.3,
2024-10-12 00:00:00,23.1,16.3,26.2,0.5,,,8.7,,1020,
2024-10-13 00:00:00,24,20.9,27,1.1,,,6.6,,1017.9,
2024-10-14 00:00:00,23.9,20.7,28,2.7,,,8.6,,1015.5,
2024-10-15 00:00:00,21.3,20.2,27.8,13.7,,,9,,1018,
2024-10-16 00:00:00,21.2,19.9,23,12.2,,,9.8,,1020.2,
2024-10-17 00:00:00,23.1,20,27,1.2,,,6.9,,1016.9,
2024-10-18 00:00:00,25.8,21,32,1.9,,,8.2,,1012.6,
2024-10-19 00:00:00,18.4,15.6,30.5,0.8,,,17.4,,1021.9,
2024-10-20 00:00:00,18.4,15.6,22,0,,,11.4,,1025.1,
2024-10-21 00:00:00,20.2,16,24,0,,,6.3,,1020.5,
2024-10-22 00:00:00,18,13.8,24,0,,,12.9,,1020.4,
2024-10-23 00:00:00,16.3,11.8,21.7,0,,,12.2,,1023.3,
2024-10-24 00:00:00,17.2,11.9,22,0,,,11.5,,1021,
2024-10-25 00:00:00,19.2,15.9,22,2.8,,,13.2,,1019,
2024-10-26 00:00:00,20.6,18.6,23,7.6,,,12,,1014.9,
2024-10-27 00:00:00,18.2,15.9,21.2,4.6,,,10.7,,1015.7,
2024-10-28 00:00:00,17.9,15.4,21,2.1,,,10,,1017.3,
2024-10-29 00:00:00,17.4,14.2,20.2,0,,,9.2,,1018.9,
2024-10-30 00:00:00,18.3,13.2,20.5,0,,,9.2,,1020.6,
2024-10-31 00:00:00,18.2,16.1,20,9.2,,,11.1,,1017.4,
2024-11-01 00:00:00,17.9,14.9,19,56.9,,,23.1,,1012.5,
2024-11-02 00:00:00,18.1,15.1,23,0,,,11.1,,1021.6,
2024-11-03 00:00:00,18.1,13,24.3,0,,,5.2,,1021.7,
2024-11-04 00:00:00,19.5,14.1,24.3,0,,,10.2,,1023.2,
2024-11-05 00:00:00,16.2,13.1,22.6,0,,,13.3,,1026.1,
2024-11-06 00:00:00,15.2,11.6,20.4,0,,,10.6,,1028.8,
2024-11-07 00:00:00,14.6,10,20,0,,,8.1,,1028.4,
2024-11-08 00:00:00,16,10,20,0,,,8.5,,1025.2,
2024-11-09 00:00:00,19.7,16.4,23,0,,,11.2,,1022.2,
2024-11-10 00:00:00,17.3,14.8,23,0.5,,,7.4,,1021.2,
2024-11-11 00:00:00,17.8,13.4,22.3,0,,,5.2,,1021.3,
2024-11-12 00:00:00,17.7,13.4,23,0,,,7.8,,1020.3,
2024-11-13 00:00:00,19.3,14,23,0,,,9.5,,1018.6,
2024-11-14 00:00:00,20.9,18,23,1.4,,,6.8,,1015.7,
2024-11-15 00:00:00,21,20,22,2.4,,,7.7,,1014.7,
2024-11-16 00:00:00,21.3,20,23,1.2,,,10.2,,1016,
2024-11-17 00:00:00,16.7,14,20,3,,,18.2,,1023.8,
2024-11-18 00:00:00,14.4,13,16,0,,,21,,1031,
2024-11-19 00:00:00,13.8,12,15,0,,,10.2,,1029.1,
2024-11-20 00:00:00,13.6,11,16,0,,,8.9,,1026,
2024-11-21 00:00:00,14,13,16,0,,,10.5,,1025.2,
2024-11-22 00:00:00,13.3,9,16,0,,,8.9,,1025.9,
2024-11-23 00:00:00,14.1,12,18,0,,,10.4,,1027.7,
2024-11-24 00:00:00,14.6,11,18,1.6,,,9.8,,1026.2,
2024-11-25 00:00:00,14.5,10.2,18.2,8.8,,,10.5,,1021.7,
2024-11-26 00:00:00,9.9,8,18.3,0.3,,,15,,1025.6,
2024-11-27 00:00:00,10.1,5,15,0,,,11.8,,1024.1,
2024-11-28 00:00:00,10.6,4,16.3,0,,,14.7,,1023.6,
2024-11-29 00:00:00,10.2,5,16.2,0,,,10,,1022.8,
2024-11-30 00:00:00,10.8,4,18,0,,,6.8,,1019.1,
2024-12-01 00:00:00,12.7,6,20,0,,,7.9,,1015.4,
2024-12-02 00:00:00,13.7,7,22,0,,,6.2,,1018.3,
2024-12-03 00:00:00,13.2,9.2,22.1,0,,,7.8,,1022.4,
2024-12-04 00:00:00,12.8,11.7,15,0,,,10.7,,1022.7,
2024-12-05 00:00:00,10.6,9,13.4,1,,,9.8,,1022.7,
2024-12-06 00:00:00,10.2,9,12,0,,,6.3,,1023.4,
2024-12-07 00:00:00,9.9,8.1,12.1,0,,,11.4,,1027.1,
2024-12-08 00:00:00,7.2,3.9,12.1,0,,,12.8,,1031.3,
2024-12-09 00:00:00,8.3,4.7,12,0,,,7,,1026.7,
2024-12-10 00:00:00,9,5.5,11.6,14.5,,,7.7,,1022.9,
2024-12-11 00:00:00,6.8,4,9.2,4.3,,,12.8,,1025.2,
2024-12-12 00:00:00,7.4,2.7,8,1.5,,,7.5,,1027.8,
2024-12-13 00:00:00,7.4,3.2,10.1,0.3,,,10.9,,1028.7,
2024-12-14 00:00:00,4.3,-0.3,10.1,0,,,13.1,,1033.3,
2024-12-15 00:00:00,4.2,-0.8,10.4,0,,,6.3,,1030.5,
2024-12-16 00:00:00,5.6,0,14,0,,,6.9,,1026.6,
2024-12-17 00:00:00,8.6,1.8,14,0,,,6.3,,1026.3,
2024-12-18 00:00:00,6,2,14,0,,,12.9,,1030.8,
2024-12-19 00:00:00,4.6,2,10.7,0,,,10.5,,1032,
2024-12-20 00:00:00,6.2,0.2,12.1,0,,,6.4,,1025.4,
2024-12-21 00:00:00,5.5,1.3,12.1,0,,,12,,1028.7,
2024-12-22 00:00:00,4.6,0.3,9.2,0,,,8.4,,1032.4,
2024-12-23 00:00:00,6.1,3.8,8,0,,,5.6,,1029.7,
2024-12-24 00:00:00,8.5,6.1,11,0,,,8.1,,1029.5,
2024-12-25 00:00:00,10.3,7,14,0,,,6.4,,1026.7,
2024-12-26 00:00:00,9.3,8,13.9,0,,,11.2,,1030.1,
2024-12-27 00:00:00,7.5,3.3,11.8,0,,,10.2,,1031.9,
2024-12-28 00:00:00,3.7,1.9,10.3,0,,,12.6,,1032.9,
2024-12-29 00:00:00,4.6,-2,12,0,,,6.4,,1028.4,
2024-12-30 00:00:00,6.2,1,12,0,,,5,,1023.2,
2024-12-31 00:00:00,6.3,3,12.4,0,,,7.8,,1025.7,
2025-01-01 00:00:00,6.3,0,13,0,,,5.3,,1023.2,
2025-01-02 00:00:00,7.5,2,14,0,,,5.9,,1024.6,
2025-01-03 00:00:00,7.6,3,13.6,0,,,5.9,,1028.1,
2025-01-04 00:00:00,8.1,2,15,0,,,6.4,,1026.1,
2025-01-05 00:00:00,8.9,6,14.5,0,,,5,,1022.6,
2025-01-06 00:00:00,8.8,3,14.5,0,,,9.7,,1024.8,
2025-01-07 00:00:00,6.1,4,13.5,0,,,6,,1026.5,
2025-01-08 00:00:00,7.2,2,12,0,,,6.3,,1025.2,
2025-01-09 00:00:00,3.8,-0.4,11.4,0,,,16.7,,1032.7,
2025-01-10 00:00:00,2.5,-1.3,7.4,0,,,9.6,,1037.9,
2025-01-11 00:00:00,3.1,-1.2,8,0,,,6.1,,1033.7,
2025-01-12 00:00:00,5.8,-0.3,12.6,0,,,8.3,,1028.6,
2025-01-13 00:00:00,9.7,1,16.4,0,,,6,,1026.6,
2025-01-14 00:00:00,11.6,6,17.1,0,,,8.6,,1025.2,
2025-01-15 00:00:00,3.1,0.9,17.4,0,,,17.7,,1034.5,
2025-01-16 00:00:00,3,-1.8,9.4,0,,,5.3,,1031.5,
2025-01-17 00:00:00,5,-1,12,0,,,6.1,,1028.6,
2025-01-18 00:00:00,6.6,0,14,0,,,5.7,,1023.3,
2025-01-19 00:00:00,9.1,1.9,17.2,0,,,6.5,,1018.8,
2025-01-20 00:00:00,8.2,3,17.2,0,,,6.6,,1019.8,
2025-01-21 00:00:00,8.3,1,16,0,,,5.6,,1021.6,
2025-01-22 00:00:00,11.3,4.3,17.6,0,,,5.5,,1020.4,
2025-01-23 00:00:00,12,4.8,17.6,0,,,8.7,,1020.8,
2025-01-24 00:00:00,11.7,9.3,15.6,0,,,10.9,,1021.5,
2025-01-25 00:00:00,10.4,7.5,13.4,0.5,,,12.3,,1024.4,
2025-01-26 00:00:00,6.1,5,11.4,1.8,,,14.3,,1026.6,
2025-01-27 00:00:00,5.2,2,10,0,,,15.2,,1027.3,
2025-01-28 00:00:00,4,-1,10.6,0,,,9.8,,1029.4,
2025-01-29 00:00:00,5,-2,11,0,,,6.2,,1029.3,
2025-01-30 00:00:00,8.5,2,17,0,,,5.7,,1023.2,
2025-01-31 00:00:00,8.4,3.6,16.2,20.1,1,,6.5,,1019.4,
2025-02-01 00:00:00,8.4,7,9,8,,,11.6,,1020.5,
2025-02-02 00:00:00,7.3,5.7,9.5,0,,,10.9,,1022,
2025-02-03 00:00:00,7,2.6,10,0,,,12.1,,1027,
2025-02-04 00:00:00,5.9,1,12.2,0,,,8.6,,1026,
2025-02-05 00:00:00,7.6,2,15,0,,,12.9,,1022.9,
2025-02-06 00:00:00,6.4,1.7,14.1,0,,,5.9,,1025.2,
2025-02-07 00:00:00,2,-1.4,9.4,0,,,17.4,,1030.9,
2025-02-08 00:00:00,-0.2,-4.6,7.3,0,,,14.2,,1036.4,
2025-02-09 00:00:00,1.5,-3.4,6.3,0,,,7.2,,1031.9,
2025-02-10 00:00:00,4.2,-2,11,0,,,7.2,,1027.1,
2025-02-11 00:00:00,8.3,5.2,12,0.4,,,3.8,,1021.7,
2025-02-12 00:00:00,8.7,7,10,0,,,12,,1023.3,
2025-02-13 00:00:00,7.8,3,12,0,,,8.8,,1027.5,
2025-02-14 00:00:00,7.8,4.7,11.9,2.5,1,,5.5,,1021.8,
2025-02-15 00:00:00,8.1,6,9,8.9,1,,4.4,,1018.1,
2025-02-16 00:00:00,11.7,5.5,17.6,0,1,,8,,1021.6,
2025-02-17 00:00:00,6.8,4.2,17.6,1,,,9.9,,1028.9,
2025-02-18 00:00:00,7.6,2.5,12.3,0,,,8.4,,1029.4,
2025-02-19 00:00:00,8,4,13,0.3,,,10.9,,1028.7,
2025-02-20 00:00:00,5.5,3.6,12.9,16.5,1,,12.4,,1030.3,
2025-02-21 00:00:00,5.8,3.7,8,1.5,,,10.4,,1032.2,
2025-02-22 00:00:00,4.7,3.2,7.3,12.7,1,,10.2,,1033.2,
2025-02-23 00:00:00,5.7,3.5,8,0.2,,,9.2,,1035.9,
2025-02-24 00:00:00,6.7,3.5,10.2,0,,,9.3,,1036.3,
2025-02-25 00:00:00,6.4,5,10.6,0,,,6.6,,1029.6,
2025-02-26 00:00:00,8.6,3,15,0,,,6.7,,1026.7,
2025-02-27 00:00:00,12.9,7.5,19,5.3,,,5.5,,1018.4,
2025-02-28 00:00:00,16.3,8,26,0,,,7.5,,1016.6,
2025-03-01 00:00:00,20,13,29,0,,,8.3,,1012.3,
2025-03-02 00:00:00,22.7,15,32,0,,,8.7,,1007.6,
2025-03-03 00:00:00,10.8,7.7,17,2.1,,,15.6,,1015,
2025-03-04 00:00:00,7.6,5.9,11.2,0,,,16.5,,1019.1,
2025-03-05 00:00:00,7.1,5.7,10.4,2.8,,,12.6,,1024.5,
2025-03-06 00:00:00,8,6,12,0.1,,,13.5,,1030.4,
2025-03-07 00:00:00,6.1,2,11.3,0,,,6.6,,1028.3,
2025-03-08 00:00:00,8.2,2,15,0,,,8.5,,1026.3,
2025-03-09 00:00:00,10.8,4.1,14.9,0.3,,,8.6,,1027.3,
2025-03-10 00:00:00,11.5,9.5,14,1,,,5.3,,1022.2,
2025-03-11 00:00:00,16.5,9.4,23.1,0,,,7.3,,1017.3,
2025-03-12 00:00:00,13.6,11.5,23.1,38.4,1,,9.5,,1015.4,
2025-03-13 00:00:00,11.6,9.4,14.8,3.8,,,10.7,,1020.3,
2025-03-14 00:00:00,11,9.5,13,27.4,,,10.8,,1020.1,
2025-03-15 00:00:00,9.5,8.7,12,7.1,1,,13.5,,1021.3,
2025-03-16 00:00:00,9.4,7.1,12,,,,15.3,,1025.6,
2025-03-17 00:00:00,9.3,1.4,14.6,0,,,7.8,,1024.5,
2025-03-18 00:00:00,10.2,5,14.1,,,,12.8,,1025.4,
2025-03-19 00:00:00,10.1,4,16.6,0,,,7.7,,1028.4,
2025-03-20 00:00:00,13.3,5,22.1,,,,7.5,,1025.8,
2025-03-21 00:00:00,17.4,8.2,26.2,0,,,9.3,,1022.6,
2025-03-22 00:00:00,18.8,10,28,0,,,8.9,,1018.4,
2025-03-23 00:00:00,20.7,12,29,0,,,11.4,,1014.2,
2025-03-24 00:00:00,21.9,14,30,0,,,9.2,,1009.9,
2025-03-25 00:00:00,23,14,32,0,,,9,,1004.8,
2025-03-26 00:00:00,27.8,17.5,34,6.6,,,8.1,,1000.4,
2025-03-27 00:00:00,17.5,10,34,6.6,,,15.9,,1005.2,
2025-03-28 00:00:00,6.3,3.8,21.3,15.5,,,13.4,,1022.9,
2025-03-29 00:00:00,6.6,3.8,10.6,0.5,,,11.1,,1028.1,
2025-03-30 00:00:00,8.4,5.7,11,0,,,9.7,,1029.9,
2025-03-31 00:00:00,9.4,5,13,0,,,9.9,,1026.4,
2025-04-01 00:00:00,11,5,16.9,0,,,7.9,,1022.4,
2025-04-02 00:00:00,16.7,7.5,24.5,0,,,9.8,,1020.5,
2025-04-03 00:00:00,13.7,10,24.5,0,,,9,,1022.1,
2025-04-04 00:00:00,17.9,9,22.8,0,,,7.2,,1017.4,
2025-04-05 00:00:00,18.9,15.7,26.8,0,,,8.7,,1014.6,
2025-04-06 00:00:00,18.6,12,26.9,0,,,8,,1016.9,
2025-04-07 00:00:00,20.8,11,29,0,,,8.3,,1016.3,
2025-04-08 00:00:00,23.1,17,29.2,0,,,7.3,,1014.7,
2025-04-09 00:00:00,24.5,17,31.3,2.3,,,8.6,,1009.8,
2025-04-10 00:00:00,21.5,17.7,31.3,0,,,11.4,,1007.8,
2025-04-11 00:00:00,24.4,16.2,31.2,29.2,,,7.7,,1006.4,
2025-04-12 00:00:00,16.7,10.7,22,13.5,,,16.3,,1007.8,
2025-04-13 00:00:00,17.8,7.8,22.5,1.8,,,17.1,,1011.7,
2025-04-14 00:00:00,19.3,14,25.5,0,,,18,,1007.8,
2025-04-15 00:00:00,20.6,11.8,27.5,0,,,8,,1012.8,
2025-04-16 00:00:00,22.5,14,29,0,,,9.8,,1008.1,
2025-04-17 00:00:00,21.2,18,28.8,0,,,10.3,,1006.9,
2025-04-18 00:00:00,24.6,16.3,31.7,0,,,7.3,,1007.9,
2025-04-19 00:00:00,24.6,20.1,31.7,0,,,8.7,,1006,
2025-04-20 00:00:00,22.6,19,28,,,,10.9,,1011.8,
2025-04-21 00:00:00,21.4,18.4,27.8,50.3,,,9.5,,1008.6,
2025-04-22 00:00:00,21.3,19,24,5.4,,,10.3,,1008.4,
2025-04-23 00:00:00,20.4,17,25.6,0.8,,,6.9,,1010.7,
2025-04-24 00:00:00,19.3,14.8,25.6,11.4,,,7.2,,1012,
2025-04-25 00:00:00,16.9,11.7,23.5,0.3,,,10.3,,1018.2,
2025-04-26 00:00:00,18.3,12,24,0,,,9.6,,1018.5,
2025-04-27 00:00:00,20.6,16.1,25.6,0,,,8.1,,1012.8,
2025-04-28 00:00:00,20.9,17.7,27.7,0,,,12.9,,1013.7,
2025-04-29 00:00:00,23.8,15.3,29,0,,,6.5,,1013.9,
2025-04-30 00:00:00,24.8,19.7,30,0,,,10.4,,1010.4,
2025-05-01 00:00:00,23.5,20,31.2,0,,,13.4,,1010.3,
2025-05-02 00:00:00,27.1,16.8,32.3,0,,,8.2,,1010.1,
2025-05-03 00:00:00,22.9,20,32.3,0,,,16,,1009.6,
2025-05-04 00:00:00,19.6,15.8,31.3,3.8,,,13.1,,1013,
2025-05-05 00:00:00,19.6,15.8,24.5,9.4,,,8.7,,1006,
2025-05-06 00:00:00,22.8,16.8,29.8,0,,,12.2,,1008.8,
2025-05-07 00:00:00,22.1,16.9,29.8,0,,,11.8,,1012,
2025-05-08 00:00:00,20.9,18.3,27.5,62.2,,,9.9,,1007.9,
2025-05-09 00:00:00,21.9,18.4,27.2,22.4,,,8.4,,1005.1,
2025-05-10 00:00:00,22.1,16.7,27.2,2.3,,,15,,1011.7,
2025-05-11 00:00:00,21.1,16.7,28,0,,,8.4,,1011.2,
2025-05-12 00:00:00,24.6,15.2,30,0,,,10.2,,1010.6,
2025-05-13 00:00:00,26.3,18.7,31.1,0,,,9.5,,1010.9,
2025-05-14 00:00:00,27.8,19.4,34.2,0,,,8.8,,1010.7,
2025-05-15 00:00:00,26.1,21.6,34.2,3,,,7.2,,1011.6,
2025-05-16 00:00:00,23.4,21.5,29.5,17.5,,,6.6,,1009.1,
2025-05-17 00:00:00,26.9,21.6,33,0,,,7.8,,1008.6,
2025-05-18 00:00:00,20.5,19,32.1,0,,,10.6,,1011.8,
2025-05-19 00:00:00,25.8,19.5,32,0,,,7.2,,1006.9,
2025-05-20 00:00:00,25.4,22.9,31.7,18.8,,,7.2,,1005.5,
2025-05-21 00:00:00,26.6,23,31,28.1,,,10.4,,1005.4,
2025-05-22 00:00:00,27.5,24.1,32,0.6,,,10.2,,1006.3,
2025-05-23 00:00:00,22.1,17.3,32.8,11.7,,,12.5,,1004,
2025-05-24 00:00:00,22,17.3,27.3,0,,,13.3,,1013.5,
2025-05-25 00:00:00,22.5,18.5,27,0,,,7.3,,1017,
2025-05-26 00:00:00,22.2,15.6,28,0,,,8.6,,1017,
2025-05-27 00:00:00,23.1,17.1,28.5,0,,,8.8,,1016.3,
2025-05-28 00:00:00,21.3,19.5,28.6,0,,,8.8,,1014.5,
2025-05-29 00:00:00,22.6,16.2,28,0,,,9,,1014,
2025-05-30 00:00:00,24.2,17.5,30,0,,,8.8,,1012.8,
2025-05-31 00:00:00,23.4,18.7,30.3,51.8,,,7.5,,1008.1,
2025-06-01 00:00:00,21.4,18.7,29.2,29,,,7.9,,1003.1,
2025-06-02 00:00:00,22.1,20.6,25,25.2,,,10,,1001.4,
2025-06-03 00:00:00,24.2,20.1,29,0,,,9,,1006.4,
2025-06-04 00:00:00,26,20.1,31,0,,,6.6,,1009.5,
2025-06-05 00:00:00,27.9,21.6,33,0,,,9.4,,1009.6,
2025-06-06 00:00:00,30.4,21.3,35.1,0,,,8,,1005.9,
2025-06-07 00:00:00,26.7,23.9,35.1,1.8,,,7.7,,1004.7,
2025-06-08 00:00:00,23.7,22.3,30.7,44.2,,,8.2,,1004.6,
2025-06-09 00:00:00,23.9,22.2,25.5,12.4,,,6.9,,1005.5,
2025-06-10 00:00:00,22.8,21,24,41.9,,,10.3,,1008.3,
2025-06-11 00:00:00,21.9,20.5,23.6,9.7,,,8.7,,1012.1,
2025-06-12 00:00:00,23.9,21.1,27,0.4,,,9.9,,1011.6,
2025-06-13 00:00:00,26.8,22.4,30.3,3.6,,,7,,1005.9,
2025-06-14 00:00:00,27.7,24.7,33.2,17.3,,,9.6,,1003.9,
2025-06-15 00:00:00,23.9,20,33.4,55.1,,,11.6,,1001.1,
2025-06-16 00:00:00,26.2,20.1,32,11.8,,,13.1,,1003.4,
2025-06-17 00:00:00,30.2,23,36,0,,,9,,1006.6,
2025-06-18 00:00:00,30.9,25.2,36,0.4,,,7.5,,1007.3,
2025-06-19 00:00:00,31.3,26.3,35.1,0,,,9,,1007.8,
2025-06-20 00:00:00,30.7,26.7,33.2,0,,,10.7,,1005.8,
2025-06-21 00:00:00,29.3,24.8,35.4,4.1,,,14.7,,1004.7,
2025-06-22 00:00:00,24.6,22.7,35.4,54.4,,,8.8,,1006.4,
2025-06-23 00:00:00,24.4,22.7,26.1,7.4,,,7.5,,1005.1,
2025-06-24 00:00:00,23.9,21.4,26.5,4.3,,,8.1,,1007.8,
2025-06-25 00:00:00,27.8,21.4,32.5,0,,,6.6,,1009.5,
2025-06-26 00:00:00,29.6,24.7,38,0.3,,,7.6,,1007.8,
2025-06-27 00:00:00,30.1,24.7,38,1.9,,,9.3,,1007,
2025-06-28 00:00:00,28.8,23.5,37.6,8.4,,,10.1,,1006,
2025-06-29 00:00:00,29.9,23.5,37,0.3,,,7.8,,1005,
2025-06-30 00:00:00,31.5,27.2,37,0.9,,,9.2,,1006.9,
2025-07-01 00:00:00,33,29,37,0,,,11.2,,1009.3,
2025-07-02 00:00:00,33.8,28.5,38.4,0,,,8.1,,1009.3,
2025-07-03 00:00:00,33.2,28.3,38.6,0,,,10,,1007.4,
2025-07-04 00:00:00,33.2,27.9,38.6,0,,,8.9,,1005.4,
2025-07-05 00:00:00,34.1,27.6,38.2,0,,,8.9,,1004,
2025-07-06 00:00:00,33.8,28.6,38.5,0,,,9.3,,1003.4,
2025-07-07 00:00:00,30.5,27,38.5,0,,,10.8,,1001.9,
2025-07-08 00:00:00,29.3,26.8,36.6,26.2,,,19.4,,1001.4,
2025-07-09 00:00:00,30,28,33,4.3,,,20.6,,1002.5,
2025-07-10 00:00:00,29.6,27,33.3,12.2,,,18.4,,1004.1,
2025-07-11 00:00:00,28.4,25.4,33.2,86.1,,,14.3,,1004.7,
2025-07-12 00:00:00,27.4,24.8,31.4,66,,,6.4,,1006.2,
2025-07-13 00:00:00,30.3,24.8,34.7,0,,,8,,1004.3,
2025-07-14 00:00:00,31,26.5,36,1.8,,,11.3,,1001.5,
2025-07-15 00:00:00,31.6,26,37,0,,,8,,1000,
2025-07-16 00:00:00,33.1,28.2,37,0,,,11.4,,999.4,
2025-07-17 00:00:00,31.4,27.1,37.4,15.2,,,9.1,,1001.2,
2025-07-18 00:00:00,29.7,25.5,37.5,101.9,,,8.6,,1002.7,
2025-07-19 00:00:00,31.1,25.5,34.4,2.3,,,10.5,,1003.8,
2025-07-20 00:00:00,31.3,28,34.8,0,,,13.9,,1004.9,
2025-07-21 00:00:00,30.8,28.5,34.8,0,,,15.9,,1006.5,
2025-07-22 00:00:00,29.7,28,34.8,0,,,11.5,,1008.6,
2025-07-23 00:00:00,30.2,26.7,34,0,,,13.5,,1008.5,
2025-07-24 00:00:00,30.3,27.9,34.1,0,,,15.6,,1006.6,
2025-07-25 00:00:00,29.3,26.8,34.1,25.7,,,19.5,,1003,
2025-07-26 00:00:00,29.1,27,33,20.4,,,18.2,,1000.3,
2025-07-27 00:00:00,28.9,26.5,33,7.1,,,14.9,,1000.3,
2025-07-28 00:00:00,29.2,26.4,33.2,6.4,,,15.7,,998.2,
2025-07-29 00:00:00,28.7,26,33,23.6,,,18,,996.8,
2025-07-30 00:00:00,25.2,23.7,33,51.3,,,24.7,,990.9,
2025-07-31 00:00:00,27.6,24,31,5.3,,,13,,993.9,
2025-08-01 00:00:00,30.7,25.2,36,0.9,,,6.8,,997.7,
2025-08-02 00:00:00,30.2,27.1,35,4.9,,,7.3,,998.4,
2025-08-03 00:00:00,31.5,27.1,36.5,2.3,,,8.2,,998.9,
2025-08-04 00:00:00,31.9,27.7,36.7,0,,,6.5,,1001.4,
2025-08-05 00:00:00,32.2,27.7,37,0.7,,,7.6,,1002.2,
2025-08-06 00:00:00,32.9,29.7,36,0,,,11.9,,1003.7,
2025-08-07 00:00:00,32.2,27.9,36.5,0,,,12.4,,1005.2,
2025-08-08 00:00:00,33,27.8,37.1,0,,,9.3,,1004.6,
2025-08-09 00:00:00,33.6,29,37.1,0,,,12.4,,1003.3,
2025-08-10 00:00:00,32.4,30,37.1,0,,,10.2,,1003.2,
2025-08-11 00:00:00,32.6,28.5,38,5.3,,,11.8,,1002.9,
2025-08-12 00:00:00,31.3,27.3,37.7,0,,,7.8,,1005.6,
2025-08-13 00:00:00,32.6,27.3,37.7,0,,,11.4,,1009.1,
2025-08-14 00:00:00,32.6,28.6,37.7,0,,,12.7,,1011.1,
2025-08-15 00:00:00,31.9,28.6,37.1,0,,,10.6,,1012.1,
2025-08-16 00:00:00,32.6,27.8,37.2,0,,,10,,1011.1,
2025-08-17 00:00:00,31.8,28,37.5,0,,,11.8,,1011.6,
2025-08-18 00:00:00,32.4,28.2,37.1,0.1,,,9.8,,1011.5,
2025-08-19 00:00:00,33.3,28.8,38.9,0,,,8.7,,1009,
2025-08-20 00:00:00,33.1,29,39.4,0,,,8.5,,1007,
2025-08-21 00:00:00,32.3,28,39.4,0,,,10,,1007.8,
2025-08-22 00:00:00,32.4,26.5,39.3,0,,,9.5,,1008,
2025-08-23 00:00:00,33.2,28,39,0,,,9.3,,1008.6,
2025-08-24 00:00:00,34.5,27.8,40.3,0,,,7.8,,1009.5,
2025-08-25 00:00:00,32.9,29,39,0.8,,,11,,1009.7,
2025-08-26 00:00:00,31.6,26,37,4.3,,,9.7,,1010.5,
2025-08-27 00:00:00,32.8,28,38,0.2,,,9.8,,1008.8,
2025-08-28 00:00:00,33,29,38,0,,,11.2,,1009.5,
2025-08-29 00:00:00,32.6,29,38,0,,,10.8,,1011.2,
2025-08-30 00:00:00,33.1,29,38,0,,,12.1,,1010.5,
2025-08-31 00:00:00,29.8,25,37,8.3,,,8.7,,1008.5,
2025-09-01 00:00:00,29.5,26,35,4,,,8,,1007.3,
2025-09-02 00:00:00,28,24,36,11.1,,,8.5,,1007.9,
2025-09-03 00:00:00,29.1,25,36,0.2,,,7.8,,1007.8,
2025-09-04 00:00:00,31.2,26,37,0,,,7.5,,1007.1,
2025-09-05 00:00:00,32.3,28,38,0,,,8.4,,1007.7,
2025-09-06 00:00:00,33,29,38,0,,,10,,1008.4,
2025-09-07 00:00:00,32,29,37,0.2,,,9.1,,1008.5,
2025-09-08 00:00:00,31.8,26,39,0,,,9.8,,1007.7,
2025-09-09 00:00:00,28.4,26,33,26.5,,,10.2,,1010.6,
2025-09-10 00:00:00,27.8,26,30,4.9,,,10.8,,1012,
2025-09-11 00:00:00,28.5,26,32,0,,,12.5,,1011.5,
2025-09-12 00:00:00,29.5,26,36,1.8,,,9.9,,1008.8,
2025-09-13 00:00:00,28.8,25,36,12.4,,,7.9,,1009.8,
2025-09-14 00:00:00,28.8,25,35,9,,,9.4,,1011,
2025-09-15 00:00:00,30,25,37,0,,,7.4,,1012.5,
2025-09-16 00:00:00,32.2,28,38,0,,,8,,1011.2,
2025-09-17 00:00:00,30.3,25,37,7.3,,,11,,1011.3,
2025-09-18 00:00:00,26.8,25,30,13.2,,,12.8,,1014.8,
2025-09-19 00:00:00,28.4,26,33,1.3,,,9.5,,1012.3,
2025-09-20 00:00:00,23.2,22,27,0.2,,,14.5,,1013.6,
2025-09-21 00:00:00,24.2,22,26,1.6,,,9.2,,1015.4,
2025-09-22 00:00:00,26.6,23,30,0,,,10,,1014.5,
2025-09-23 00:00:00,28.2,25,32,3,,,11.7,,1012,
2025-09-24 00:00:00,28.6,26,32,5.8,,,9,,1010.3,
2025-09-25 00:00:00,29.9,25,36,2.8,,,8.3,,1014.1,
2025-09-26 00:00:00,30.3,26,35,0,,,7.5,,1016.5,
2025-09-27 00:00:00,30.3,27,35,0.1,,,8.7,,1015.2,
2025-09-28 00:00:00,30.7,27,36,8.1,,,9.9,,1012.8,
2025-09-29 00:00:00,28.3,26,30,1.1,,,12,,1013.9,
2025-09-30 00:00:00,26.9,25,30,5.8,,,11.1,,1012.8,
2025-10-01 00:00:00,26.5,24,30,0,,,8.7,,1013.7,
2025-10-02 00:00:00,30.3,25,36,7.5,,,8,,1011.2,
2025-10-03 00:00:00,29.2,26,32,10.6,,,11.4,,1012,
2025-10-04 00:00:00,28.5,26,33,0,,,10.2,,1014.2,
2025-10-05 00:00:00,30.4,26,37,0,,,7.2,,1012.8,
2025-10-06 00:00:00,31.8,27,38,0.4,,,7.2,,1012.9,
2025-10-07 00:00:00,29.5,28,32,0.2,,,11.8,,1015.9,
2025-10-08 00:00:00,28.1,26,32,0.3,,,5.5,,1016.3,
2025-10-09 00:00:00,26.7,23,32,0,,,2.8,,1015.5,
2025-10-10 00:00:00,27.9,23,34,0,,,2.3,,1013.5,
2025-10-11 00:00:00,28.7,23,35,0,,,4.8,,1011.5,
2025-10-12 00:00:00,28.7,26,34,0,,,8.8,,1012.4,
2025-10-13 00:00:00,26.6,23,29,1.7,,,12.9,,1013.8,
2025-10-14 00:00:00,23.2,22,24,0.2,,,12.3,,1017.1,
2025-10-15 00:00:00,27.1,23,33,13.7,,,6.6,,1015.3,
2025-10-16 00:00:00,25.7,23,28,0.9,,,14.8,,1017.9,
2025-10-17 00:00:00,26.8,23,31,0,,,6.9,,1017.2,
2025-10-18 00:00:00,22.5,20,26,1.6,,,15.9,,1019.4,
2025-10-19 00:00:00,19.8,18,22,1.1,,,18.6,,1023.7,
2025-10-20 00:00:00,17.8,17,20,0,,,22.8,,1027.2,
2025-10-21 00:00:00,16.3,15,18,0,,,24.8,,1028.6,
2025-10-22 00:00:00,16.6,15,18,0,,,20.3,,1028.3,
2025-10-23 00:00:00,17.1,14,21,0,,,17.9,,1028,
2025-10-24 00:00:00,18,15,22,0,,,15.3,,1026,
2025-10-25 00:00:00,18.5,15,23,0,,,10.3,,1023,
2025-10-26 00:00:00,17.7,16,19,0,,,12.3,,1022.5,
2025-10-27 00:00:00,17.5,15,20,0,,,11.8,,1025,
2025-10-28 00:00:00,17.5,15,22,0,,,14.4,,1025.6,
2025-10-29 00:00:00,17.5,11,23,0,,,10.4,,1024.1,
2025-10-30 00:00:00,17.8,16,19,12.2,,,6.8,,1020.8,
2025-10-31 00:00:00,17.8,16,20,1.2,,,8,,1020.1,
2025-11-01 00:00:00,18.6,16,22,0,,,8.2,,1020.7,
2025-11-02 00:00:00,18.6,14,24,0,,,11,,1023.4,
2025-11-03 00:00:00,15.7,13,19,0,,,11.1,,1027.6,
2025-11-04 00:00:00,15.6,13,18,0,,,8.8,,1024.3,
2025-11-05 00:00:00,17.2,14,21,0,,,6.5,,1021,
2025-11-06 00:00:00,18.3,17,20,7,,,7.6,,1020.6,
2025-11-07 00:00:00,18.4,17,19,5.3,,,8,,1020,
2025-11-08 00:00:00,19.1,17,21,4,,,8.3,,1018.3,
2025-11-09 00:00:00,17.4,17,18,3.4,,,12.3,,1020.4,
2025-11-10 00:00:00,17.3,16,20,0,,,13.9,,1020.8,
2025-11-11 00:00:00,16.1,14,19,0,,,16,,1020.4,
2025-11-12 00:00:00,16.4,14,18,6.7,,,14.4,,1020.4,
2025-11-13 00:00:00,17.3,16,20,0,,,14.2,,1021.1,
2025-11-14 00:00:00,15.2,10,21,0,,,5.2,,1023.2,
2025-11-15 00:00:00,17,13,22,0,,,8.4,,1024.5,
2025-11-16 00:00:00,17.5,12,24,0,,,6.3,,1024.3,
2025-11-17 00:00:00,12.6,7,17,0.6,,,21.2,,1031,
2025-11-18 00:00:00,7.7,6,11,0,,,17.1,,1034.8,
2025-11-19 00:00:00,8.1,5,12,0,,,11.6,,1032.2,
2025-11-20 00:00:00,8.5,2,15,0,,,6.9,,1029.6,
2025-11-21 00:00:00,11,5,18,0,,,6.8,,1028.8,
2025-11-22 00:00:00,11.4,5,19,0,,,7,,1027,
2025-11-23 00:00:00,13.3,6,21,0,,,6.2,,1022.4,
2025-11-24 00:00:00,14.2,12,18,0,,,8.2,,1021.5,
2025-11-25 00:00:00,12.4,7,15,0,,,14.4,,1026,
2025-11-26 00:00:00,10.1,4,18,0,,,6.2,,1025.5,
2025-11-27 00:00:00,10.3,6,15,0,,,14.2,,1025.8,
2025-11-28 00:00:00,9.4,3,18,0,,,6.8,,1021.8,
2025-11-29 00:00:00,12.3,5,22,0,,,6.5,,1016.7,
2025-11-30 00:00:00,13.4,7,23,0,,,7.2,,1016.3,
2025-12-01 00:00:00,13.2,7,18,0,,,9.7,,1019,
2025-12-02 00:00:00,13.8,11,16,0,,,11,,1021.4,
2025-12-03 00:00:00,9.7,4,13,0,,,15.5,,1029.5,
2025-12-04 00:00:00,7.4,1,13,0,,,6.7,,1028.6,
2025-12-05 00:00:00,9.6,7,12,0,,,8.7,,1027.8,
2025-12-06 00:00:00,10.5,5,19,0,,,7.1,,1023,
2025-12-07 00:00:00,12.4,6,21,0,,,6.3,,1022.5,
2025-12-08 00:00:00,11.7,7,17,0,,,7.8,,1027.5,
2025-12-09 00:00:00,10.9,4,17,0,,,8.9,,1026.7,
2025-12-10 00:00:00,15.4,11,19,0,,,5.4,,1021.5,
2025-12-11 00:00:00,14.2,9,20,0,,,10.5,,1022.6,
2025-12-12 00:00:00,11.9,10,14,0,,,16.8,,1026.8,
2025-12-13 00:00:00,8.7,6,10,2.3,,,16.8,,1027.2,
2025-12-14 00:00:00,5.8,2,10,0,,,11.5,,1029.6,
2025-12-15 00:00:00,6.6,-1,15,0,,,6,,1025.2,
2025-12-16 00:00:00,10.7,5,19,0,,,6.4,,1021.8,
2025-12-17 00:00:00,10.5,6,15,0,,,10,,1026.8,
2025-12-18 00:00:00,9.4,3,16,0,,,6.5,,1024.4,
2025-12-19 00:00:00,13.8,7,23,0,,,5.3,,1017.5,
2025-12-20 00:00:00,14.5,11,22,1.3,,,11.4,,1021.1,
2025-12-21 00:00:00,8.2,5,11,2.6,,,4.2,,1030.8,
2025-12-22 00:00:00,8.1,3,11,0,,,2.2,,1026.9,
2025-12-23 00:00:00,11,6,16,0.9,,,9.9,,1021.1,
2025-12-24 00:00:00,8.2,7,10,8.4,,,13,,1022.2,
2025-12-25 00:00:00,7.1,5,10,2.8,,,17.3,,1028.4,
2025-12-26 00:00:00,4.5,1,8,0,,,8.3,,1029.7,
2025-12-27 00:00:00,5.6,0,12,0,,,5.8,,1025,
2025-12-28 00:00:00,7.2,1,16,0,,,6.1,,1022.3,
2025-12-29 00:00:00,10,2,18,0,,,7.8,,1019.9,
2025-12-30 00:00:00,9.5,7,13,0,,,9.1,,1022.5,
2025-12-31 00:00:00,8.3,4,11,0,,,16.8,,1025.1,
